Stove Type,M422,Latitude,64.83723,Longitude,-148.027,Square Footage,,
Timestamp of each PUMA device reading,State of the stove when powered on; depends on the stove type the PuMA device is attached to,Number of cumulative clicks since PuMA installation the fuel pump solenoid makes when the stove turns on,Thermistor resistance of the indoor thermistor
"Time since 1970, 1, 1, 00:00:00 UTC (Unix time)",Integer units corresponding to power states; -1 indicates powered off,Number of cumulative clicks; -1 indicates stove powered off,Thermistor resistance (ohms)
978393762.0,4,2456935,12401
978393775.0,4,79688,10592
978394113.0,-1,-1,12699
978394126.0,-1,-1,10535
978394453.0,-1,-1,10312
978394634.0,2,2456942,12930
978394793.0,-1,-1,10592
978394933.0,4,2459676,11637
978394963.0,3,2459896,11770
978395093.0,-1,-1,10479
978395151.0,4,2461285,11637
978395394.0,-1,-1,10423
978395482.0,-1,-1,12045
978395694.0,-1,-1,10535
978395782.0,-1,-1,12549
978395995.0,-1,-1,10479
978396082.0,-1,-1,12257
978396295.0,-1,-1,10479
978396383.0,-1,-1,12624
978396456.0,2,2461287,12930
978396595.0,-1,-1,10367
978396756.0,4,2464027,12115
978396786.0,3,2464248,11704
978396896.0,-1,-1,10423
978396980.0,4,2465681,11506
978397196.0,-1,-1,10367
978397311.0,-1,-1,12115
978397497.0,-1,-1,10257
978397611.0,-1,-1,12475
978397797.0,-1,-1,10257
978397911.0,-1,-1,12852
978398098.0,-1,-1,10423
978398201.0,2,2465684,12930
978398398.0,-1,-1,10423
978398501.0,4,2468424,11975
978398531.0,3,2468645,11906
978398679.0,4,2469738,11704
978398699.0,-1,-1,10367
978398999.0,-1,-1,10312
978399009.0,-1,-1,12185
978399300.0,-1,-1,10149
978399310.0,-1,-1,12401
978399600.0,-1,-1,10535
978399610.0,-1,-1,12624
978399900.0,-1,-1,10203
978399911.0,-1,-1,12549
978400098.0,2,2469743,12475
978400201.0,-1,-1,10203
978400398.0,4,2472483,11704
978400427.0,3,2472703,11770
978400501.0,-1,-1,10149
978400627.0,4,2474172,11571
978400802.0,-1,-1,10203
978400957.0,-1,-1,11906
978401102.0,-1,-1,10257
978401258.0,-1,-1,12549
978401403.0,-1,-1,10149
978401558.0,-1,-1,12775
978401703.0,-1,-1,10149
978401859.0,-1,-1,12775
978402003.0,2,2474175,12852
978402004.0,-1,-1,10423
978402302.0,4,2476915,11838
978402304.0,-1,-1,10479
978402332.0,3,2477135,11571
978402465.0,4,2478116,11506
978402604.0,-1,-1,10423
978402796.0,-1,-1,12185
978402905.0,-1,-1,10257
978403096.0,-1,-1,12624
978403205.0,-1,-1,10479
978403397.0,-1,-1,12624
978403506.0,-1,-1,10203
978403697.0,-1,-1,12775
978403806.0,-1,-1,10367
978403856.0,2,2478119,12775
978404107.0,-1,-1,10257
978404156.0,3,2480863,12045
978404363.0,4,2482388,11506
978404407.0,-1,-1,10203
978404694.0,-1,-1,12045
978404708.0,-1,-1,10149
978404994.0,-1,-1,12549
978405008.0,-1,-1,10312
978405309.0,-1,-1,10203
978405595.0,-1,-1,12699
978405609.0,-1,-1,10096
978405769.0,2,2482389,12624
978405909.0,-1,-1,10203
978406069.0,4,2485129,12045
978406099.0,3,2485350,11770
978406210.0,-1,-1,10149
978406244.0,4,2486415,11441
978406510.0,-1,-1,10257
978406574.0,-1,-1,11975
978406811.0,-1,-1,10312
978406875.0,-1,-1,12624
978407111.0,-1,-1,10149
978407175.0,-1,-1,12699
978407412.0,-1,-1,10257
978407475.0,-1,-1,12699
978407579.0,2,2486419,12775
978407712.0,-1,-1,10203
978407879.0,4,2489159,11906
978407909.0,3,2489380,11770
978408070.0,-1,-1,10423
978408119.0,4,2490694,11506
978408392.0,-1,-1,10096
978408527.0,-1,-1,12549
978408720.0,-1,-1,10149
978408878.0,-1,-1,12624
978409050.0,-1,-1,10149
978409182.0,-1,-1,12852
978409351.0,-1,-1,10149
978409432.0,2,2490696,12852
978409651.0,-1,-1,10203
978409732.0,4,2493436,11975
978409762.0,3,2493656,11838
978409934.0,4,2494930,11571
978409952.0,-1,-1,10149
978410252.0,-1,-1,10149
978410265.0,-1,-1,12115
978410552.0,-1,-1,9887
978410565.0,-1,-1,12549
978410853.0,-1,-1,9887
978410866.0,-1,-1,12624
978411153.0,-1,-1,10043
978411166.0,-1,-1,12775
978411274.0,2,2494932,12624
978411454.0,-1,-1,10096
978411574.0,4,2497672,12045
978411604.0,3,2497892,11704
978411754.0,-1,-1,10149
978411820.0,4,2499489,11637
978412055.0,-1,-1,10043
978412151.0,-1,-1,12045
978412355.0,-1,-1,9938
978412451.0,-1,-1,12624
978412656.0,-1,-1,10149
978412752.0,-1,-1,12699
978412956.0,-1,-1,10043
978413052.0,-1,-1,12699
978413191.0,2,2499491,12699
978413257.0,-1,-1,10043
978413491.0,3,2502235,11838
978413557.0,-1,-1,9990
978413706.0,4,2503816,11506
978413857.0,-1,-1,9938
978414036.0,-1,-1,12185
978414158.0,-1,-1,9990
978414337.0,-1,-1,12475
978414458.0,-1,-1,9990
978414637.0,-1,-1,12699
978414759.0,-1,-1,9938
978414938.0,-1,-1,12775
978414997.0,2,2503819,12775
978415059.0,-1,-1,9938
978415297.0,3,2506563,11975
978415360.0,-1,-1,9887
978415587.0,4,2508704,11704
978415660.0,-1,-1,9835
978415918.0,-1,-1,12115
978415961.0,-1,-1,9835
978416218.0,-1,-1,12329
978416261.0,-1,-1,9938
978416519.0,-1,-1,12624
978416561.0,-1,-1,9835
978416819.0,-1,-1,12775
978416862.0,-1,-1,9835
978416878.0,2,2508706,12775
978417162.0,-1,-1,9487
978417178.0,4,2511446,11838
978417208.0,3,2511667,11704
978417362.0,4,2512804,11441
978417463.0,-1,-1,9784
978417693.0,-1,-1,12115
978417763.0,-1,-1,9835
978417993.0,-1,-1,12401
978418064.0,-1,-1,9835
978418293.0,-1,-1,12549
978418364.0,-1,-1,9887
978418588.0,2,2512804,13248
978418665.0,-1,-1,9887
978418888.0,3,2515548,11975
978418965.0,-1,-1,9887
978419169.0,4,2517617,11571
978419266.0,-1,-1,9784
978419500.0,-1,-1,12185
978419566.0,-1,-1,9784
978419800.0,-1,-1,12624
978419866.0,-1,-1,9734
978420101.0,-1,-1,12775
978420167.0,-1,-1,9734
978420401.0,-1,-1,12699
978420431.0,2,2517733,12624
978420467.0,-1,-1,9835
978420718.0,3,2520361,11906
978420768.0,-1,-1,9835
978420932.0,4,2521938,11441
978421068.0,-1,-1,9835
978421263.0,-1,-1,12401
978421369.0,-1,-1,9684
978421563.0,-1,-1,12549
978421669.0,-1,-1,9784
978421864.0,-1,-1,12852
978421970.0,-1,-1,10043
978422127.0,2,2521941,12699
978422270.0,-1,-1,9634
978422438.0,3,2524759,11906
978422591.0,-1,-1,9784
978422696.0,4,2526611,11571
978422898.0,-1,-1,9835
978423204.0,-1,-1,9634
978423517.0,-1,-1,9734
978423709.0,-1,-1,12930
978423817.0,-1,-1,9734
978423908.0,2,2526611,12852
978424117.0,-1,-1,9784
978424208.0,3,2529355,11906
978424418.0,-1,-1,10043
978424423.0,4,2530936,11506
978424718.0,-1,-1,10884
978424753.0,-1,-1,12257
978425019.0,-1,-1,10825
978425054.0,-1,-1,12401
978425319.0,-1,-1,11188
978425354.0,-1,-1,12775
978425562.0,2,2530939,12624
978425619.0,-1,-1,11571
978425862.0,3,2533679,11975
978425920.0,-1,-1,11637
978426155.0,4,2535840,11314
978426220.0,-1,-1,11770
978426486.0,-1,-1,12185
978426521.0,-1,-1,11975
978426786.0,-1,-1,12624
978426821.0,-1,-1,12115
978427087.0,-1,-1,12852
978427122.0,-1,-1,12115
978427322.0,2,2535844,12852
978427422.0,-1,-1,12045
978427622.0,4,2538584,11906
978427651.0,3,2538805,11906
978427723.0,-1,-1,12185
978427843.0,4,2540214,11571
978428023.0,-1,-1,12115
978428173.0,-1,-1,12045
978428323.0,-1,-1,12185
978428474.0,-1,-1,12549
978428624.0,-1,-1,10766
978428774.0,-1,-1,12699
978428924.0,-1,-1,11441
978429019.0,2,2540215,12699
978429225.0,-1,-1,11975
978429319.0,4,2542955,11838
978429349.0,3,2543176,11770
978429525.0,-1,-1,12257
978429660.0,4,2545469,11377
978429826.0,-1,-1,12115
978429991.0,-1,-1,12185
978430126.0,-1,-1,11065
978430291.0,-1,-1,12549
978430427.0,-1,-1,11065
978430592.0,-1,-1,12699
978430727.0,-1,-1,12115
978430836.0,2,2545471,12775
978431028.0,-1,-1,12257
978431137.0,3,2548215,11704
978431328.0,-1,-1,12045
978431466.0,4,2550640,11377
978431628.0,-1,-1,11004
978431796.0,-1,-1,12115
978431929.0,-1,-1,11770
978432097.0,-1,-1,12549
978432229.0,-1,-1,12045
978432397.0,-1,-1,12852
978432530.0,-1,-1,12257
978432698.0,-1,-1,12930
978432799.0,2,2550640,12775
978432830.0,-1,-1,11377
978433099.0,3,2553384,12045
978433131.0,-1,-1,11126
978433356.0,4,2555277,11441
978433431.0,-1,-1,11770
978433687.0,-1,-1,11975
978433732.0,-1,-1,12115
978433987.0,-1,-1,12699
978434032.0,-1,-1,12257
978434288.0,-1,-1,12624
978434333.0,-1,-1,10825
978434557.0,2,2555277,12549
978434633.0,-1,-1,11571
978434857.0,4,2558017,11770
978434887.0,3,2558238,11838
978434933.0,-1,-1,12115
978435091.0,4,2559747,11506
978435234.0,-1,-1,12257
978435432.0,-1,-1,12115
978435534.0,-1,-1,11251
978435732.0,-1,-1,12257
978435835.0,-1,-1,11251
978436033.0,-1,-1,12699
978436135.0,-1,-1,11975
978436262.0,2,2559752,12852
978436436.0,-1,-1,12185
978436591.0,-1,-1,12115
978436631.0,3,2563055,12115
978436736.0,-1,-1,11906
978436971.0,-1,-1,11571
978437042.0,-1,-1,11004
978437189.0,4,2567167,11571
978437545.0,-1,-1,12185
978437846.0,-1,-1,12624
978438146.0,-1,-1,12775
978438381.0,2,2567172,12775
978438680.0,4,2569910,11975
978438720.0,3,2570204,11770
978438969.0,4,2572039,11506
978439309.0,-1,-1,12401
978439610.0,-1,-1,12475
978439910.0,-1,-1,12775
978440211.0,-1,-1,12852
978440267.0,2,2572393,12930
978440528.0,4,2574783,11906
978440580.0,3,2575166,11770
978440751.0,4,2576423,11506
978441107.0,-1,-1,12257
978441407.0,-1,-1,12401
978441708.0,-1,-1,12775
978442008.0,-1,-1,12699
978442053.0,2,2576525,12549
978442342.0,3,2579169,11838
978442487.0,4,2580240,11441
978442828.0,-1,-1,12115
978443128.0,-1,-1,12549
978443429.0,-1,-1,12624
978443729.0,-1,-1,12475
978443894.0,2,2580242,12699
978444195.0,3,2582986,11906
978444355.0,4,2584169,11571
978444686.0,-1,-1,11975
978444986.0,-1,-1,12475
978445287.0,-1,-1,12699
978445587.0,-1,-1,12775
978445704.0,2,2584169,12775
978446005.0,3,2586913,11906
978446135.0,4,2587876,11506
978446476.0,-1,-1,11975
978446776.0,-1,-1,12549
978447077.0,-1,-1,12852
978447377.0,-1,-1,12699
978447445.0,2,2587878,12699
978447745.0,4,2590618,11906
978447789.0,3,2590942,11637
978447860.0,4,2591465,11506
978448200.0,-1,-1,12115
978448501.0,-1,-1,12549
978448801.0,-1,-1,12852
978449102.0,-1,-1,12699
978449153.0,2,2591467,12930
978449453.0,4,2594207,11975
978449493.0,3,2594502,11770
978449621.0,4,2595449,11506
978449970.0,-1,-1,12115
978450270.0,-1,-1,12475
978450571.0,-1,-1,12930
978450859.0,2,2595451,12852
978451159.0,4,2598191,11838
978451207.0,3,2598544,11838
1549882944.0,2,79714,62235
1549882984.0,3,80039,62235
1549883366.0,3,79709,11188
1549883444.0,4,80282,11065
1549883775.0,-1,-1,11838
1549884075.0,-1,-1,12475
1549884376.0,-1,-1,12475
1549884676.0,-1,-1,12624
1549884976.0,-1,-1,12624
1549885277.0,-1,-1,12401
1549885470.0,2,80285,12624
1549885770.0,3,83025,12045
1549885907.0,4,84038,11441
1549886238.0,-1,-1,12115
1549944207.0,-1,-1,12329
1549944824.0,-1,-1,12699
1549945219.0,-1,-1,12775
1549945519.0,-1,-1,12624
1549945712.0,2,192319,12775
1549946012.0,4,195059,11770
1549946042.0,3,195279,11704
1549946144.0,4,196036,11377
1549946475.0,-1,-1,11975
1549946775.0,-1,-1,12115
1549947076.0,-1,-1,12475
1549947376.0,-1,-1,12699
1549947677.0,-1,-1,12549
1549947959.0,2,196038,12624
1549948259.0,4,198778,11838
1549948289.0,3,198998,11770
1549948410.0,4,199891,11506
1549948740.0,-1,-1,11906
1549949041.0,-1,-1,12401
1549949341.0,-1,-1,12624
1549949642.0,-1,-1,12624
1549949942.0,-1,-1,12699
1549950205.0,2,199894,12775
1549950506.0,3,202638,11906
1549950676.0,4,203891,11377
1549951006.0,-1,-1,11906
1549951307.0,-1,-1,12401
1549951607.0,-1,-1,12624
1549951908.0,-1,-1,12624
1549952208.0,-1,-1,12624
1549952489.0,2,203895,12699
1549952789.0,4,206635,11770
1549952932.0,4,207688,11377
1549953262.0,-1,-1,11975
1549953563.0,-1,-1,12401
1549953863.0,-1,-1,12475
1549954164.0,-1,-1,12775
1549954464.0,-1,-1,12549
1549954584.0,2,207688,12699
1549954885.0,3,210432,11906
1549955027.0,4,211477,11441
1549955357.0,-1,-1,12185
1549955658.0,-1,-1,12401
1549955958.0,-1,-1,12475
1549956258.0,-1,-1,12475
1549956559.0,-1,-1,12329
1549956713.0,2,211479,12699
1549957013.0,4,214219,11838
1549957043.0,3,214440,11704
1549957148.0,4,215217,11637
1549957479.0,-1,-1,11975
1549957779.0,-1,-1,12329
1549958080.0,-1,-1,12549
1549958380.0,-1,-1,12699
1549958928.0,2,215664,12775
1549959245.0,3,218441,11637
1549959344.0,4,219083,11377
1549959716.0,-1,-1,11906
1549960016.0,-1,-1,12401
1549960317.0,-1,-1,12475
1549960617.0,-1,-1,12624
1549960917.0,-1,-1,12775
1549960995.0,2,219083,12624
1549961296.0,3,221827,11770
1549961421.0,4,222752,11441
1549961752.0,-1,-1,12045
1549962052.0,-1,-1,12401
1549962353.0,-1,-1,12475
1549962653.0,-1,-1,12624
1549962953.0,-1,-1,12699
1549963017.0,2,222754,12699
1549963317.0,4,225494,11704
1549963347.0,3,225715,11704
1549963450.0,4,226476,11506
1549963781.0,-1,-1,12115
1549964081.0,-1,-1,12624
1549964382.0,-1,-1,12549
1549964682.0,-1,-1,12624
1549964983.0,-1,-1,12624
1549965147.0,2,226478,12624
1549965447.0,3,229222,11770
1549965599.0,4,230339,11441
1549965929.0,-1,-1,11906
1549966230.0,-1,-1,12329
1549966530.0,-1,-1,12549
1549966831.0,-1,-1,12699
1549967131.0,-1,-1,12699
1549967294.0,2,230344,12475
1549967594.0,4,233084,11838
1549967624.0,3,233304,11637
1549967719.0,4,234005,11441
1549968049.0,-1,-1,12045
1549968350.0,-1,-1,12475
1549968650.0,-1,-1,12624
1549968951.0,-1,-1,12775
1549969142.0,2,234008,12401
1549969442.0,4,236748,11906
1549969472.0,3,236969,11637
1549969564.0,4,237654,11377
1549969895.0,-1,-1,12185
1549970195.0,-1,-1,12549
1549970496.0,-1,-1,12624
1549970796.0,-1,-1,12852
1549971097.0,-1,-1,12775
1549971287.0,2,237659,12775
1549971587.0,3,240399,11838
1549971739.0,4,241520,11441
1549972069.0,-1,-1,11975
1549972370.0,-1,-1,12401
1549972670.0,-1,-1,12475
1549972996.0,-1,-1,12624
1549973321.0,-1,-1,12699
1549973431.0,2,241563,12699
1549973726.0,4,244263,11838
1549973798.0,3,244793,11704
1549973865.0,4,245286,11506
1549974211.0,-1,-1,11975
1549974512.0,-1,-1,12475
1549974812.0,-1,-1,12549
1549975113.0,-1,-1,12699
1549975413.0,-1,-1,12775
1549975713.0,-1,-1,12624
1549975757.0,2,245289,12624
1549976057.0,4,248029,11770
1549976087.0,3,248249,11838
1549976198.0,4,249070,11314
1549976545.0,-1,-1,12045
1549976845.0,-1,-1,12475
1549977146.0,-1,-1,12549
1549977446.0,-1,-1,12475
1549977747.0,-1,-1,12775
1549977815.0,2,249070,12775
1549978115.0,3,251814,11704
1549978247.0,4,252783,11571
1549978577.0,-1,-1,11975
1549978878.0,-1,-1,12401
1549979178.0,-1,-1,12475
1549979478.0,-1,-1,12549
1549979779.0,-1,-1,12699
1549979941.0,2,252784,12775
1549980241.0,4,255524,11770
1549980281.0,3,255818,11770
1549980406.0,4,256739,11441
1549980736.0,-1,-1,11441
1549981037.0,-1,-1,12401
1549981337.0,-1,-1,12475
1549981637.0,-1,-1,12549
1549981938.0,-1,-1,12930
1549982107.0,2,256743,12699
1549982407.0,3,259483,11637
1549982539.0,4,260456,11441
1549982869.0,-1,-1,11975
1549983170.0,-1,-1,12329
1549983470.0,-1,-1,12549
1549983771.0,-1,-1,12549
1549984071.0,-1,-1,12775
1549984371.0,-1,-1,12624
1549984648.0,2,260459,13008
1549984947.0,4,263199,11704
1549984977.0,3,263419,11571
1549985023.0,4,263758,11377
1549985380.0,-1,-1,11975
1549985680.0,-1,-1,12401
1549985981.0,-1,-1,12624
1549986281.0,-1,-1,12624
1549986582.0,-1,-1,12699
1549986725.0,2,263760,12624
1549987024.0,4,266500,11838
1549987064.0,3,266795,11506
1549987127.0,4,267258,11506
1549987457.0,-1,-1,11975
1549987758.0,-1,-1,12475
1549988058.0,-1,-1,12624
1549988359.0,-1,-1,12775
1549988659.0,-1,-1,12549
1549988836.0,2,267261,12852
1549989137.0,3,270005,11838
1549989232.0,4,270704,11571
1549989562.0,-1,-1,12115
1549989863.0,-1,-1,12401
1549990163.0,-1,-1,12549
1549990464.0,-1,-1,12475
1549990764.0,-1,-1,12624
1549991065.0,-1,-1,12699
1549991267.0,2,270708,12775
1549991567.0,3,273452,12045
1549991734.0,4,274681,11441
1549992064.0,-1,-1,11975
1549992365.0,-1,-1,12475
1549992665.0,-1,-1,12475
1549992965.0,-1,-1,12624
1549993266.0,-1,-1,12775
1549993566.0,-1,-1,12699
1549993675.0,2,274681,12775
1549993976.0,3,277425,11704
1549994071.0,4,278126,11314
1549994411.0,-1,-1,12115
1549994712.0,-1,-1,12401
1549995012.0,-1,-1,12699
1549995313.0,-1,-1,12624
1549995500.0,2,278129,13579
1549995800.0,3,280873,11637
1549995889.0,4,281528,11377
1549996229.0,-1,-1,12257
1549996530.0,-1,-1,12185
1549996830.0,-1,-1,12699
1549997131.0,-1,-1,12775
1549997309.0,2,281531,12775
1549997609.0,3,284275,11637
1549997708.0,4,284998,11441
1549998048.0,-1,-1,12115
1549998349.0,-1,-1,12401
1549998649.0,-1,-1,12699
1549998949.0,-1,-1,12699
1549999232.0,2,284999,12775
1549999532.0,3,287743,11770
1549999642.0,4,288552,11571
1549999972.0,-1,-1,12185
1550000273.0,-1,-1,12475
1550000573.0,-1,-1,12475
1550000874.0,-1,-1,12699
1550001157.0,2,288552,12699
1550001457.0,3,291296,11906
1550001561.0,4,292061,11441
1550001902.0,-1,-1,12045
1550002202.0,-1,-1,12475
1550002503.0,-1,-1,12549
1550002803.0,-1,-1,12624
1550003104.0,-1,-1,12699
1550003178.0,2,292064,12775
1550003477.0,3,294804,11838
1550003583.0,4,295581,11506
1550003913.0,-1,-1,12115
1550004214.0,-1,-1,12549
1550004514.0,-1,-1,12475
1550004814.0,-1,-1,12624
1550004981.0,2,295586,12699
1550005280.0,4,298326,11906
1550005310.0,3,298546,11704
1550005397.0,4,299187,11441
1550005728.0,-1,-1,12115
1550006028.0,-1,-1,12475
1550006329.0,-1,-1,12775
1550006629.0,-1,-1,12852
1550006851.0,2,299187,12549
1550007151.0,4,301927,11975
1550007197.0,3,302266,11770
1550007267.0,4,302779,11441
1550007597.0,-1,-1,12045
1550007898.0,-1,-1,12475
1550008198.0,-1,-1,12624
1550008499.0,-1,-1,12775
1550008713.0,2,302781,12699
1550009012.0,4,305521,11975
1550009064.0,3,305904,11637
1550009127.0,4,306363,11441
1550009457.0,-1,-1,12115
1550009758.0,-1,-1,12549
1550010058.0,-1,-1,12475
1550010359.0,-1,-1,12699
1550010611.0,2,306365,12699
1550010911.0,3,309109,11838
1550011026.0,4,309954,11506
1550011372.0,-1,-1,12045
1550011673.0,-1,-1,12549
1550011973.0,-1,-1,12852
1550012274.0,-1,-1,12775
1550012471.0,2,309958,12852
1550012770.0,4,312698,11906
1550012800.0,3,312919,11704
1550012914.0,4,313754,11637
1550013270.0,-1,-1,12115
1550013571.0,-1,-1,12401
1550013871.0,-1,-1,12624
1550014171.0,-1,-1,12549
1550014472.0,-1,-1,12775
1550014512.0,2,313957,12699
1550014790.0,3,316501,11838
1550014912.0,4,317400,11314
1550015253.0,-1,-1,12185
1550015553.0,-1,-1,12475
1550015854.0,-1,-1,12699
1550016154.0,-1,-1,12475
1550016351.0,2,317403,12852
1550016652.0,4,320145,11906
1550016682.0,3,320365,11770
1550016784.0,4,321120,11377
1550017141.0,-1,-1,12115
1550017441.0,-1,-1,12549
1550017742.0,-1,-1,12624
1550018042.0,-1,-1,12699
1550018284.0,2,321122,12699
1550018584.0,4,323862,11975
1550018624.0,3,324157,11571
1550018680.0,4,324568,11377
1550019011.0,-1,-1,12185
1550019311.0,-1,-1,12852
1550019612.0,-1,-1,12699
1550019912.0,-1,-1,12699
1550020143.0,2,324569,12775
1550020444.0,3,327313,11770
1550020572.0,4,328256,11377
1550020928.0,-1,-1,12115
1550021229.0,-1,-1,12401
1550021529.0,-1,-1,12475
1550021829.0,-1,-1,12775
1550022016.0,2,328257,13008
1550022316.0,4,330997,11906
1550022356.0,3,331292,11637
1550022425.0,4,331803,11377
1550022766.0,-1,-1,12185
1550023066.0,-1,-1,12549
1550023367.0,-1,-1,12775
1550023667.0,-1,-1,12699
1550023792.0,2,331805,12699
1550024092.0,4,334545,11906
1550024132.0,3,334839,11571
1550024209.0,4,335410,11506
1550024550.0,-1,-1,12045
1550024850.0,-1,-1,12549
1550025151.0,-1,-1,12549
1550025451.0,-1,-1,12624
1550025736.0,2,335411,12624
1550026036.0,4,338151,11704
1550026076.0,3,338446,11704
1550026143.0,4,338939,11571
1550026484.0,-1,-1,12115
1550026784.0,-1,-1,12401
1550027084.0,-1,-1,12624
1550027385.0,-1,-1,12699
1550027571.0,2,338939,12775
1550027871.0,4,341679,11838
1550027911.0,3,341974,11770
1550028000.0,4,342627,11441
1550028340.0,-1,-1,12115
1550028641.0,-1,-1,12475
1550028941.0,-1,-1,12775
1550029241.0,-1,-1,12775
1550029429.0,2,342630,12699
1550029729.0,3,345374,11975
1550029888.0,4,346541,11377
1550030228.0,-1,-1,12115
1550030529.0,-1,-1,12549
1550030829.0,-1,-1,12624
1550031129.0,-1,-1,12775
1550031262.0,2,346544,12852
1550031563.0,3,349288,11975
1550031702.0,4,350311,11314
1550032042.0,-1,-1,12045
1550032343.0,-1,-1,12475
1550032643.0,-1,-1,12775
1550032944.0,-1,-1,12930
1550033022.0,2,350312,12624
1550033321.0,4,353053,11770
1550033367.0,3,353391,11571
1550033434.0,4,353882,11377
1550033774.0,-1,-1,11637
1550034075.0,-1,-1,12624
1550034375.0,-1,-1,12549
1550034675.0,-1,-1,12852
1550034787.0,2,353882,12549
1550035087.0,3,356626,12045
1550035211.0,4,357541,11314
1550035551.0,-1,-1,12185
1550035852.0,-1,-1,12475
1550036152.0,-1,-1,12624
1550036453.0,-1,-1,12775
1550036558.0,2,357544,12775
1550036857.0,3,360284,11906
1550036969.0,4,361103,11441
1550037309.0,-1,-1,12115
1550037610.0,-1,-1,12475
1550037910.0,-1,-1,12549
1550038210.0,-1,-1,12852
1550038258.0,2,361104,12775
1550038558.0,3,363848,11975
1550038679.0,4,364739,11441
1550039036.0,-1,-1,12329
1550039336.0,-1,-1,12549
1550039637.0,-1,-1,12549
1550039934.0,2,364739,12852
1550040234.0,4,367479,11906
1550040274.0,3,367774,11637
1550040385.0,4,368593,11441
1550040726.0,-1,-1,12115
1550041026.0,-1,-1,12549
1550041326.0,-1,-1,12624
1550041597.0,2,368594,12852
1550041897.0,4,371334,11906
1550041937.0,3,371629,11770
1550042039.0,4,372380,11571
1550042379.0,-1,-1,12115
1550042680.0,-1,-1,12475
1550042980.0,-1,-1,12549
1550043243.0,2,372383,12852
1550043543.0,4,375123,11838
1550043583.0,3,375418,11571
1550043684.0,4,376161,11441
1550044029.0,-1,-1,12115
1550044329.0,-1,-1,12329
1550044630.0,-1,-1,12775
1550044923.0,2,376165,12699
1550045222.0,3,378905,11906
1550045386.0,4,380112,11441
1550045727.0,-1,-1,12185
1550046027.0,-1,-1,12624
1550046328.0,-1,-1,12775
1550046628.0,-1,-1,12852
1550046668.0,2,380315,12699
1550046946.0,4,382855,11975
1550046986.0,3,383149,11770
1550047135.0,4,384252,11571
1550047492.0,-1,-1,12115
1550047792.0,-1,-1,12624
1550048093.0,-1,-1,12699
1550048368.0,2,384253,12852
1550048668.0,4,386993,11975
1550048724.0,3,387406,11637
1550048840.0,4,388257,11441
1550049196.0,-1,-1,12185
1550049497.0,-1,-1,12475
1550049797.0,-1,-1,12852
1550049929.0,2,388259,12775
1550050229.0,4,390999,11975
1550050281.0,3,391382,11637
1550050413.0,4,392357,11571
1550050754.0,-1,-1,12257
1550051054.0,-1,-1,12549
1550051354.0,-1,-1,12852
1550051573.0,2,392359,12852
1550051872.0,4,395099,11838
1550051902.0,3,395320,11906
1550052083.0,4,396647,11314
1550052413.0,-1,-1,12185
1550052713.0,-1,-1,12549
1550053014.0,-1,-1,12775
1550053224.0,2,396647,12852
1550053524.0,3,399391,12045
1550053773.0,4,401226,11506
1550054130.0,-1,-1,12115
1550054430.0,-1,-1,12549
1550054731.0,-1,-1,12699
1550054918.0,2,401227,12852
1550055219.0,3,403971,12045
1550055458.0,4,405735,11506
1550055799.0,-1,-1,12185
1550056099.0,-1,-1,12549
1550056399.0,-1,-1,12699
1550056577.0,2,405736,12852
1550056877.0,3,408480,11906
1550057144.0,4,410453,11441
1550057493.0,-1,-1,12329
1550057793.0,-1,-1,12852
1550058094.0,-1,-1,12775
1550058280.0,2,410457,12775
1550058580.0,3,413197,11975
1550058814.0,4,414920,11571
1550059170.0,-1,-1,12475
1550059470.0,-1,-1,12257
1550059771.0,-1,-1,12699
1550059879.0,2,414922,12852
1550060179.0,3,417666,11975
1550060367.0,4,419053,11188
1550060698.0,-1,-1,12115
1550060998.0,-1,-1,12549
1550061299.0,-1,-1,12624
1550061377.0,2,419054,12852
1550061677.0,3,421798,11975
1550061851.0,4,423081,11506
1550062192.0,-1,-1,12329
1550062492.0,-1,-1,12775
1550062793.0,-1,-1,12852
1550062915.0,2,423081,12775
1550063216.0,3,425825,12115
1550063508.0,4,427980,11441
1550063849.0,-1,-1,12257
1550064149.0,-1,-1,12549
1550064421.0,2,427981,12775
1550064722.0,3,430725,12045
1550064996.0,4,432748,11441
1550065337.0,-1,-1,12401
1550065637.0,-1,-1,12549
1550065930.0,2,432748,12775
1550066230.0,3,435492,11906
1550066476.0,4,437300,11065
1550066832.0,-1,-1,12475
1550067133.0,-1,-1,12699
1550067433.0,-1,-1,12549
1550067489.0,2,437686,12699
1550067747.0,4,440042,11975
1550067803.0,3,440454,11906
1550068016.0,4,442031,11571
1550068357.0,-1,-1,12115
1550068657.0,-1,-1,12624
1550068958.0,-1,-1,12775
1550069010.0,2,442129,12930
1550069299.0,3,444777,11637
1550069562.0,4,446712,11377
1550069893.0,-1,-1,12115
1550070193.0,-1,-1,12624
1550070493.0,-1,-1,12775
1550070625.0,2,446715,12775
1550070925.0,3,449459,11838
1550071159.0,4,451188,11506
1550071500.0,-1,-1,12257
1550071800.0,-1,-1,12549
1550072101.0,-1,-1,12699
1550072278.0,2,451189,12699
1550072578.0,3,453933,11975
1550072847.0,4,455914,11441
1550073204.0,-1,-1,12185
1550073504.0,-1,-1,12699
1550073805.0,-1,-1,12775
1550073954.0,2,455917,12775
1550074254.0,3,458661,11838
1550074556.0,4,460888,11377
1550074897.0,-1,-1,12115
1550075197.0,-1,-1,12549
1550075497.0,-1,-1,12624
1550075607.0,2,460890,12549
1550075907.0,3,463634,11975
1550076177.0,4,465619,11506
1550076507.0,-1,-1,12115
1550076808.0,-1,-1,12401
1550077108.0,-1,-1,12624
1550077298.0,2,465622,12852
1550077598.0,3,468366,11975
1550077870.0,4,470365,11314
1550078222.0,-1,-1,11975
1550078523.0,-1,-1,12401
1550078823.0,-1,-1,12699
1550078978.0,2,470366,12699
1550079279.0,4,473107,12045
1550079319.0,3,473402,11704
1550079598.0,4,475465,11506
1550079939.0,-1,-1,12045
1550080239.0,-1,-1,12624
1550080540.0,-1,-1,12775
1550080836.0,2,475465,12852
1550081137.0,3,478209,12185
1550081467.0,-1,-1,11571
1550081499.0,4,480875,11441
1550081839.0,-1,-1,12257
1550082140.0,-1,-1,12624
1550082440.0,-1,-1,12624
1550082647.0,2,480876,12624
1550082948.0,3,483620,12115
1550083268.0,4,485979,11441
1550083609.0,-1,-1,12185
1550083909.0,-1,-1,12775
1550084209.0,-1,-1,12549
1550084249.0,2,486244,12852
1550084520.0,4,488722,12045
1550084560.0,3,489017,11906
1550084838.0,4,491063,11506
1550085179.0,-1,-1,12185
1550085479.0,-1,-1,12699
1550085779.0,-1,-1,12930
1550085823.0,2,491335,12852
1550086094.0,3,493807,12045
1550086433.0,-1,-1,11770
1550086543.0,4,497119,11571
1550086874.0,-1,-1,12185
1550087174.0,-1,-1,12699
1550087475.0,-1,-1,12624
1550087524.0,2,497121,12930
1550087823.0,4,499862,12115
1550087863.0,3,500157,11906
1550088183.0,4,502516,11637
1550088514.0,-1,-1,12257
1550088814.0,-1,-1,12775
1550089115.0,-1,-1,12852
1550089159.0,2,502519,13087
1550089458.0,4,505259,12257
1550089498.0,3,505553,11704
1550089746.0,4,507380,11571
1550090077.0,-1,-1,12045
1550090377.0,-1,-1,12699
1550090631.0,2,507382,12699
1550090931.0,4,510122,12045
1550090971.0,3,510417,12045
1550091311.0,-1,-1,11571
1550091369.0,4,513353,11571
1550091710.0,-1,-1,12115
1550092010.0,-1,-1,12624
1550092311.0,-1,-1,12775
1550092403.0,2,513355,12775
1550092703.0,4,516095,12045
1550092743.0,3,516389,12045
1550093082.0,-1,-1,11637
1550093303.0,4,520517,11637
1550093633.0,-1,-1,12257
1550093934.0,-1,-1,12624
1550094234.0,-1,-1,12930
1550094264.0,2,520762,12775
1550094537.0,4,523258,11975
1550094567.0,3,523479,12115
1550094907.0,-1,-1,11571
1550094991.0,4,526607,11506
1550095322.0,-1,-1,12185
1550095622.0,-1,-1,12699
1550095908.0,2,526612,12624
1550096207.0,3,529352,12257
1550096537.0,-1,-1,11571
1550096604.0,4,532272,11637
1550096944.0,-1,-1,12185
1550097245.0,-1,-1,12624
1550097516.0,2,532273,12699
1550097816.0,4,535013,12045
1550097846.0,3,535234,11838
1550098186.0,-1,-1,11506
1550098215.0,4,537949,11377
1550098546.0,-1,-1,12257
1550098846.0,-1,-1,12699
1550099119.0,2,537950,12852
1550099419.0,4,540690,12185
1550099449.0,3,540911,12115
1550099779.0,-1,-1,11441
1550099855.0,4,543905,11506
1550100186.0,-1,-1,12257
1550100486.0,-1,-1,12775
1550100752.0,2,543908,12852
1550101052.0,3,546652,11906
1550101382.0,-1,-1,11637
1550101478.0,4,549786,11506
1550101808.0,-1,-1,12257
1550102109.0,-1,-1,12257
1550102331.0,2,549788,12699
1550247668.0,4,1072693,11770
1550247999.0,-1,-1,12475
1550248295.0,2,1072693,12930
1550248596.0,3,1075437,11975
1550248925.0,-1,-1,11506
1550248981.0,4,1078042,11441
1550249311.0,-1,-1,12475
1550249612.0,-1,-1,12852
1550249672.0,2,1078042,13087
1550249972.0,4,1080782,12115
1550250002.0,3,1081003,12045
1550250331.0,-1,-1,11571
1550250434.0,4,1084189,11506
1550250765.0,-1,-1,12549
1550251065.0,-1,-1,12852
1550251185.0,2,1084192,12930
1550251485.0,3,1086936,12115
1550251782.0,4,1089125,11441
1550252113.0,-1,-1,12401
1550252413.0,-1,-1,13008
1550252514.0,2,1089127,13167
1550252815.0,3,1091871,12045
1550253144.0,-1,-1,11506
1550253174.0,4,1094356,11506
1550253514.0,-1,-1,12475
1550253815.0,-1,-1,13008
1550253871.0,2,1094357,12852
1550254171.0,3,1097101,11975
1550254500.0,-1,-1,11571
1550254576.0,4,1100083,11770
1550254906.0,-1,-1,12329
1550255206.0,-1,-1,12775
1550255332.0,2,1100084,12852
1550255632.0,3,1102828,12185
1550255961.0,-1,-1,11838
1550255991.0,4,1105407,11441
1550256321.0,-1,-1,12549
1550256622.0,-1,-1,12852
1550256755.0,2,1105410,13167
1550257055.0,3,1108150,12045
1550257384.0,-1,-1,11506
1550257414.0,4,1110778,11571
1550257744.0,-1,-1,12329
1550258045.0,-1,-1,12624
1550258212.0,2,1110781,12930
1550258512.0,3,1113521,12115
1550258841.0,-1,-1,11571
1550258871.0,4,1116128,11506
1550259201.0,-1,-1,12257
1550259502.0,-1,-1,12775
1550259623.0,2,1116129,13087
1550259922.0,4,1118869,12185
1550259952.0,3,1119089,11906
1550260282.0,-1,-1,11506
1550260311.0,4,1121706,11314
1550260642.0,-1,-1,12329
1550261087.0,2,1121707,12852
1550261386.0,4,1124447,12115
1550261426.0,3,1124742,11906
1550261677.0,4,1126593,11441
1550262018.0,-1,-1,12549
1550262318.0,-1,-1,12852
1550262432.0,2,1126594,12930
1550262732.0,3,1129338,12045
1550263019.0,4,1131451,11377
1550263350.0,-1,-1,12475
1550263650.0,-1,-1,12930
1550263746.0,2,1131454,12852
1550264047.0,3,1134198,12045
1550264331.0,4,1136293,11506
1550264661.0,-1,-1,12257
1550264962.0,-1,-1,12775
1550265064.0,2,1136295,12930
1550265365.0,3,1139039,12115
1550265694.0,-1,-1,11571
1550265734.0,4,1141765,11441
1550266081.0,-1,-1,12475
1550266381.0,-1,-1,13008
1550266487.0,2,1141767,12930
1550266786.0,4,1144507,12185
1550266816.0,3,1144728,12045
1550267118.0,4,1146949,11441
1550267448.0,-1,-1,12401
1550267748.0,-1,-1,13167
1550267859.0,2,1146952,13008
1550268158.0,4,1149692,12115
1550268188.0,3,1149912,11906
1550268498.0,4,1152197,11506
1550268829.0,-1,-1,12329
1550269129.0,-1,-1,12930
1550269245.0,2,1152200,12775
1550269545.0,4,1154940,12115
1550269585.0,3,1155235,11838
1550269915.0,-1,-1,11704
1550270008.0,4,1158353,11188
1550270339.0,-1,-1,12257
1550270639.0,-1,-1,12852
1550270775.0,2,1158355,12930
1550271075.0,4,1161095,12115
1550271105.0,3,1161315,12115
1550271407.0,4,1163540,11377
1550271737.0,-1,-1,12329
1550272038.0,-1,-1,12930
1550272144.0,2,1163541,12930
1550272444.0,4,1166281,12045
1550272474.0,3,1166502,12045
1550272742.0,4,1168483,11571
1550273073.0,-1,-1,12475
1550273373.0,-1,-1,12775
1550273471.0,2,1168483,12930
1550273772.0,3,1171227,12115
1550274102.0,-1,-1,12257
1550274402.0,-1,-1,12045
1550274702.0,-1,-1,11770
1550275003.0,-1,-1,11838
1550275291.0,4,1182390,11506
1550275647.0,-1,-1,12329
1550275973.0,-1,-1,12852
1550276083.0,2,1182620,12775
1550276388.0,3,1185408,12115
1550276717.0,-1,-1,11571
1550276819.0,4,1188590,11441
1550277150.0,-1,-1,12257
1550277450.0,-1,-1,13008
1550277595.0,2,1188591,13008
1550277895.0,4,1191331,11838
1550277925.0,3,1191552,12045
1550278255.0,-1,-1,11506
1550278336.0,4,1194582,11637
1550278677.0,-1,-1,12257
1550278977.0,-1,-1,12775
1550279160.0,2,1194582,13087
1550279460.0,3,1197326,12115
1550279789.0,-1,-1,11571
1550279861.0,4,1200284,11571
1550280192.0,-1,-1,12329
1550280492.0,-1,-1,12699
1550280700.0,2,1200287,12852
1550281001.0,3,1203031,12045
1550281331.0,-1,-1,11571
1550281360.0,4,1205653,11441
1550281691.0,-1,-1,12257
1550281991.0,-1,-1,12852
1550282159.0,2,1205655,12775
1550282459.0,4,1208395,12045
1550282489.0,3,1208616,11975
1550282794.0,4,1210865,11506
1550283124.0,-1,-1,12329
1550283425.0,-1,-1,12624
1550283612.0,2,1210867,12852
1550283912.0,4,1213607,12115
1550283942.0,3,1213827,11975
1550284159.0,4,1215428,11506
1550284489.0,-1,-1,12185
1550284790.0,-1,-1,12699
1550285012.0,2,1215430,12930
1550285312.0,3,1218170,11975
1550285618.0,4,1220431,11506
1550285949.0,-1,-1,11637
1550286249.0,-1,-1,12624
1550286440.0,2,1220434,12852
1550286739.0,4,1223174,12115
1550286769.0,3,1223394,11704
1550287033.0,4,1225335,11506
1550287363.0,-1,-1,12257
1550287663.0,-1,-1,12624
1550287838.0,2,1225337,12852
1550288137.0,4,1228077,12549
1550288167.0,3,1228297,11838
1550288425.0,4,1230194,11251
1550288755.0,-1,-1,12401
1550289055.0,-1,-1,12624
1550289235.0,2,1230199,12930
1550289534.0,3,1232939,11975
1550289936.0,4,1235729,11506
1550290778.0,2,1236063,12852
1550291041.0,4,1238470,11975
1550291071.0,3,1238691,11770
1550291359.0,4,1240812,11377
1550291690.0,-1,-1,12115
1550291990.0,-1,-1,12624
1550292184.0,2,1240814,12775
1550292485.0,3,1243558,12045
1550292814.0,-1,-1,11571
1550292844.0,4,1246022,11377
1550293174.0,-1,-1,12329
1550293475.0,-1,-1,12699
1550293680.0,2,1246025,12699
1550293980.0,3,1248765,12045
1550294309.0,-1,-1,11637
1550294343.0,4,1251439,11377
1550294673.0,-1,-1,12045
1550294974.0,-1,-1,12699
1550295175.0,2,1251440,12852
1550295475.0,3,1254184,12045
1550295747.0,4,1256185,11441
1550296077.0,-1,-1,12185
1550296378.0,-1,-1,12775
1550296566.0,2,1256188,12852
1550296866.0,4,1258928,12185
1550296896.0,3,1259149,11637
1550297177.0,4,1261222,11571
1550297508.0,-1,-1,12257
1550297808.0,-1,-1,12852
1550297996.0,2,1261225,12930
1550298296.0,4,1263965,12045
1550298326.0,3,1264185,11906
1550298607.0,4,1266256,11377
1550298947.0,-1,-1,12401
1550299248.0,-1,-1,12775
1550299474.0,2,1266257,12775
1550299774.0,3,1269001,11975
1550300114.0,-1,-1,11571
1550300153.0,4,1271762,11441
1550300484.0,-1,-1,12185
1550300784.0,-1,-1,12549
1550300977.0,2,1271762,12852
1550301278.0,4,1274502,12401
1550301308.0,3,1274723,11906
1550301625.0,4,1277064,11571
1550301956.0,-1,-1,12185
1550302256.0,-1,-1,12549
1550302472.0,2,1277067,12699
1550302773.0,3,1279811,12185
1550303056.0,4,1281900,11506
1550303387.0,-1,-1,12045
1550303687.0,-1,-1,12549
1550303913.0,2,1281902,12624
1550304887.0,-1,-1,12401
1550305187.0,-1,-1,12699
1550305355.0,2,1286890,12930
1550305656.0,3,1289634,12185
1550305904.0,4,1291467,11441
1550306235.0,-1,-1,12257
1550306535.0,-1,-1,13087
1550306690.0,2,1291467,12852
1550306990.0,3,1294211,12045
1550307265.0,4,1296240,11637
1550307596.0,-1,-1,12329
1550307896.0,-1,-1,12624
1550308117.0,2,1296242,12930
1550308417.0,4,1298982,12185
1550308447.0,3,1299203,11906
1550308791.0,-1,-1,11838
1550309091.0,-1,-1,11704
1550309284.0,4,1305369,11377
1550309624.0,-1,-1,12185
1550309925.0,-1,-1,12775
1550310181.0,2,1305373,12852
1550310481.0,4,1308113,12257
1550310537.0,3,1308526,11975
1550310877.0,-1,-1,11506
1550310916.0,4,1311276,11571
1550311257.0,-1,-1,12329
1550311557.0,-1,-1,12699
1550311777.0,2,1311276,12775
1550312077.0,4,1314016,12115
1550312117.0,3,1314311,11975
1550312447.0,-1,-1,11506
1550312539.0,4,1317415,11441
1550312879.0,-1,-1,12257
1550313180.0,-1,-1,12624
1550313449.0,2,1317415,12401
1550313749.0,4,1320155,11975
1550314151.0,-1,-1,11506
1550314195.0,4,1323440,11571
1550314525.0,-1,-1,12329
1550314826.0,-1,-1,12624
1550315107.0,2,1323442,12930
1550315407.0,4,1326182,12045
1550315449.0,3,1326489,11704
1550315721.0,4,1328496,11441
1550316051.0,-1,-1,12549
1550316352.0,-1,-1,12699
1550316556.0,2,1328499,12852
1550316856.0,4,1331239,11906
1550316886.0,3,1331460,11975
1550317225.0,-1,-1,11637
1550317385.0,4,1335138,11571
1550317725.0,-1,-1,12257
1550318026.0,-1,-1,12699
1550318326.0,-1,-1,12852
1550318356.0,2,1335254,12775
1550318644.0,4,1337883,12045
1550318700.0,3,1338295,11975
1550318975.0,4,1340324,11441
1550319328.0,-1,-1,12401
1550319654.0,-1,-1,12852
1550319897.0,2,1340328,12852
1550320197.0,3,1343068,12045
1550320437.0,4,1344837,11506
1550320767.0,-1,-1,12257
1550321068.0,-1,-1,12624
1550321368.0,-1,-1,12775
1550321398.0,2,1345079,12624
1550321672.0,4,1347579,12115
1550321701.0,3,1347799,12045
1550321970.0,4,1349780,11506
1550322301.0,-1,-1,12257
1550322601.0,-1,-1,12624
1550322902.0,-1,-1,12852
1550322932.0,2,1350001,12699
1550323208.0,3,1352525,12115
1550323497.0,4,1354658,11314
1550323828.0,-1,-1,12185
1550324128.0,-1,-1,13008
1550324405.0,2,1354660,12699
1550324706.0,4,1357402,12045
1550324735.0,3,1357623,12045
1550325021.0,4,1359724,11506
1550325351.0,-1,-1,12401
1550325652.0,-1,-1,13008
1550325898.0,2,1359727,12852
1550326198.0,3,1362471,12115
1550326554.0,-1,-1,11571
1550326655.0,4,1365833,11506
1550326985.0,-1,-1,12185
1550327285.0,-1,-1,12624
1550327576.0,2,1365836,12852
1550327876.0,4,1368576,12045
1550327906.0,3,1368797,11770
1550328249.0,4,1371325,11704
1550328589.0,-1,-1,12624
1550328858.0,2,1371331,13087
1550329188.0,-1,-1,12475
1550329227.0,3,1374687,12115
1550329557.0,-1,-1,11571
1550329857.0,-1,-1,11838
1550330157.0,-1,-1,11441
1550330370.0,4,1383111,11251
1550330711.0,-1,-1,12185
1550331011.0,-1,-1,12852
1550331244.0,2,1383114,12930
1550331544.0,3,1385856,12329
1550331883.0,-1,-1,11637
1550332183.0,-1,-1,11704
1550332223.0,4,1390703,11441
1550332563.0,-1,-1,12475
1550332892.0,-1,-1,12699
1550333069.0,2,1390703,12852
1550333369.0,3,1393447,12115
1550333699.0,-1,-1,11637
1550333846.0,4,1396964,11441
1550334203.0,-1,-1,12257
1550334503.0,-1,-1,12930
1550334722.0,2,1396964,12852
1550335022.0,4,1399704,12185
1550335062.0,3,1399999,11975
1550335392.0,-1,-1,11571
1550335479.0,4,1403071,11571
1550335820.0,-1,-1,12257
1550336120.0,-1,-1,12699
1550336358.0,2,1403073,12852
1550336659.0,3,1405817,12257
1550336999.0,-1,-1,11571
1550337186.0,4,1409704,11506
1550337527.0,-1,-1,12185
1550337827.0,-1,-1,12624
1550338089.0,2,1409710,13087
1550338388.0,4,1412450,12045
1550338432.0,3,1412774,11975
1550338784.0,-1,-1,11770
1550338902.0,4,1416232,11571
1550339242.0,-1,-1,12257
1550339543.0,-1,-1,12775
1550339832.0,2,1416235,12930
1550340132.0,4,1418977,12045
1550340188.0,3,1419389,11906
1550340517.0,-1,-1,11637
1550340547.0,4,1421889,11571
1550340877.0,-1,-1,12549
1550341178.0,-1,-1,12852
1550341406.0,2,1421889,12624
1550341706.0,4,1424629,12115
1550341736.0,3,1424850,11906
1550342065.0,-1,-1,11571
1550342143.0,4,1427855,11506
1550342500.0,-1,-1,12401
1550342800.0,-1,-1,12852
1550342985.0,2,1427858,12852
1550343285.0,3,1430600,12045
1550343614.0,-1,-1,11637
1550343808.0,4,1434458,11441
1550344139.0,-1,-1,12257
1550344439.0,-1,-1,12624
1550344740.0,-1,-1,12624
1550344770.0,2,1434683,12930
1550345045.0,4,1437199,12115
1550345075.0,3,1437420,11975
1550345404.0,-1,-1,11506
1550345453.0,4,1440210,11571
1550345784.0,-1,-1,12185
1550346084.0,-1,-1,12699
1550346352.0,2,1440210,13087
1550346652.0,3,1442954,12329
1550346982.0,-1,-1,11637
1550347139.0,4,1446542,11506
1550347796.0,-1,-1,12775
1550348043.0,2,1446546,12930
1550348342.0,4,1449284,12045
1550348382.0,3,1449579,11906
1550348701.0,4,1451930,11571
1550349032.0,-1,-1,12329
1550349332.0,-1,-1,12624
1550349591.0,2,1451931,12852
1550349892.0,3,1454675,12115
1550350221.0,-1,-1,11571
1550350269.0,4,1457175,11506
1550350613.0,-1,-1,12257
1550350914.0,-1,-1,12699
1550351157.0,2,1457177,12775
1550351456.0,4,1459917,12045
1550351496.0,3,1460211,11906
1550351836.0,-1,-1,11571
1550351883.0,4,1463057,11571
1550352213.0,-1,-1,12115
1550352514.0,-1,-1,12475
1550352814.0,-1,-1,12775
1550352854.0,2,1463388,12775
1550353118.0,4,1465800,12115
1550353174.0,3,1466212,11975
1550353516.0,4,1468736,11377
1550353857.0,-1,-1,12185
1550354157.0,-1,-1,12699
1550354434.0,2,1468736,13008
1550354735.0,4,1471478,12045
1550354779.0,3,1471802,11838
1550355134.0,-1,-1,11637
1550355184.0,4,1474662,11314
1550355524.0,-1,-1,12185
1550355824.0,-1,-1,12624
1550356063.0,2,1474665,12930
1550356362.0,4,1477403,12115
1550356418.0,3,1477816,12115
1550356764.0,-1,-1,11637
1550356861.0,4,1481080,11441
1550357191.0,-1,-1,12185
1550357492.0,-1,-1,12775
1550357771.0,2,1481082,12852
1550358071.0,4,1483822,12045
1550358101.0,3,1484043,11906
1550358430.0,-1,-1,11571
1550358507.0,4,1487035,11571
1550358837.0,-1,-1,12185
1550359138.0,-1,-1,12775
1550359413.0,2,1487036,12930
1550359713.0,4,1489776,12045
1550359743.0,3,1489997,11906
1550360072.0,-1,-1,11441
1550360128.0,4,1492701,11441
1550360474.0,-1,-1,12329
1550360775.0,-1,-1,12699
1550361035.0,2,1492703,12852
1550361335.0,4,1495443,12045
1550361365.0,3,1495663,11906
1550361707.0,-1,-1,11506
1550361755.0,4,1498384,11506
1550362097.0,-1,-1,12699
1550362397.0,-1,-1,12699
1550362697.0,-1,-1,12930
1550362727.0,2,1498589,12775
1550363005.0,4,1501125,12045
1550363061.0,3,1501537,11704
1550363386.0,4,1503937,11506
1550363717.0,-1,-1,12115
1550364017.0,-1,-1,12549
1550364318.0,-1,-1,13008
1550364378.0,2,1503938,12852
1550364677.0,4,1506678,12185
1550364707.0,3,1506899,11906
1550365037.0,-1,-1,11314
1550365092.0,4,1509550,11441
1550365433.0,-1,-1,12257
1550365733.0,-1,-1,12549
1550366034.0,-1,-1,12852
1550366092.0,2,1509550,12852
1550366392.0,3,1512294,12257
1550366722.0,-1,-1,11377
1550366763.0,4,1515028,11506
1550367093.0,-1,-1,12549
1550367394.0,-1,-1,12549
1550367694.0,-1,-1,12852
1550367760.0,2,1515537,12852
1550368005.0,3,1517775,12045
1550368316.0,4,1520069,11506
1550368647.0,-1,-1,12115
1550368947.0,-1,-1,12624
1550369248.0,-1,-1,12852
1550369368.0,2,1520070,12624
1550369668.0,3,1522814,12045
1550369998.0,-1,-1,11637
1550370037.0,4,1525494,11377
1550370368.0,-1,-1,12257
1550370668.0,-1,-1,12549
1550370969.0,-1,-1,12775
1550371081.0,2,1525494,12624
1550371381.0,3,1528238,12115
1550371720.0,4,1530734,11377
1550372060.0,-1,-1,12185
1550372361.0,-1,-1,12549
1550372661.0,-1,-1,12930
1550372765.0,2,1530738,12775
1550373064.0,4,1533476,11975
1550373108.0,3,1533800,11838
1550373438.0,-1,-1,11571
1550373467.0,4,1536237,11441
1550373808.0,-1,-1,12329
1550374108.0,-1,-1,12624
1550374409.0,-1,-1,12852
1550374498.0,2,1536240,13167
1550374798.0,3,1538980,12115
1550375141.0,4,1541511,11441
1550375482.0,-1,-1,12257
1550375782.0,-1,-1,12549
1550376108.0,-1,-1,12852
1550376206.0,2,1541665,12775
1550376490.0,3,1544257,12115
1550376819.0,-1,-1,11506
1550376849.0,4,1546858,11571
1550377205.0,-1,-1,12257
1550377506.0,-1,-1,12549
1550377806.0,-1,-1,13248
1550377885.0,2,1546858,12699
1550378185.0,4,1549599,11975
1550378229.0,3,1549923,11906
1550378532.0,4,1552156,11637
1550378889.0,-1,-1,12401
1550379189.0,-1,-1,12401
1550379490.0,-1,-1,12775
1550379571.0,2,1552157,13008
1550379870.0,4,1554897,12045
1550379900.0,3,1555117,11906
1550380174.0,4,1557136,11441
1550380515.0,-1,-1,12115
1550380815.0,-1,-1,12549
1550381115.0,-1,-1,12775
1550381256.0,2,1557139,12775
1550381555.0,4,1559881,11975
1550381585.0,3,1560101,11906
1550381887.0,4,1562322,11377
1550382217.0,-1,-1,12115
1550382518.0,-1,-1,12549
1550382818.0,-1,-1,12775
1550382954.0,2,1562328,12775
1550383254.0,3,1565068,12115
1550383578.0,4,1567461,11506
1550383909.0,-1,-1,12115
1550384209.0,-1,-1,12549
1550384510.0,-1,-1,12930
1550384601.0,2,1567465,12775
1550384901.0,3,1570205,11838
1550385231.0,4,1572642,11506
1550385588.0,-1,-1,12257
1550385888.0,-1,-1,12624
1550386189.0,-1,-1,13664
1550386285.0,2,1572643,12930
1550386584.0,4,1575384,12115
1550386640.0,3,1575796,11770
1550386912.0,4,1577799,11637
1550387243.0,-1,-1,12185
1550387543.0,-1,-1,12852
1550387843.0,-1,-1,12930
1550387964.0,2,1577801,12699
1550388265.0,3,1580545,12115
1550388598.0,4,1583002,11441
1550388939.0,-1,-1,12257
1550389239.0,-1,-1,12549
1550389540.0,-1,-1,12930
1550389667.0,2,1583004,12699
1550389967.0,4,1585745,11975
1550390023.0,3,1586157,11838
1550390311.0,4,1588281,11441
1550390668.0,-1,-1,12185
1550390968.0,-1,-1,12699
1550391269.0,-1,-1,12852
1550391352.0,2,1588282,12852
1550391652.0,3,1591026,12115
1550391978.0,4,1593425,11571
1550392308.0,-1,-1,12115
1550392609.0,-1,-1,12775
1550392909.0,-1,-1,12852
1550393026.0,2,1593428,12852
1550393326.0,3,1596172,12045
1550393641.0,4,1598487,11377
1550393971.0,-1,-1,12115
1550394272.0,-1,-1,12549
1550394572.0,-1,-1,12699
1550394717.0,2,1598490,12775
1550395017.0,3,1601234,11975
1550395304.0,4,1603343,11506
1550395634.0,-1,-1,12185
1550395935.0,-1,-1,12549
1550396235.0,-1,-1,12775
1550396368.0,2,1603345,12852
1550396668.0,3,1606089,11975
1550396998.0,-1,-1,11506
1550397027.0,4,1608555,11441
1550397368.0,-1,-1,12185
1550397668.0,-1,-1,12852
1550397969.0,-1,-1,12852
1550398111.0,2,1608555,12699
1550398411.0,4,1611295,11975
1550398458.0,3,1611648,11770
1550398730.0,4,1613649,11441
1550399086.0,-1,-1,12185
1550399387.0,-1,-1,12699
1550399687.0,-1,-1,12699
1550399824.0,2,1613649,12699
1550400124.0,3,1616391,11975
1550400428.0,4,1618625,11441
1550400758.0,-1,-1,12257
1550401059.0,-1,-1,12329
1550401359.0,-1,-1,12775
1550401561.0,2,1618627,12852
1550401861.0,4,1621369,12045
1550401917.0,3,1621781,11770
1550402123.0,4,1623300,11506
1550402480.0,-1,-1,12185
1550402780.0,-1,-1,12549
1550403080.0,-1,-1,12475
1550403243.0,2,1623301,13008
1550403543.0,3,1626043,11838
1550403824.0,4,1628108,11571
1550404164.0,-1,-1,12185
1550404465.0,-1,-1,12699
1550404765.0,-1,-1,12775
1550404978.0,2,1628111,12624
1550405278.0,4,1630851,11906
1550405334.0,3,1631263,11838
1550405516.0,4,1632607,11441
1550405847.0,-1,-1,12045
1550406147.0,-1,-1,12475
1550406448.0,-1,-1,12852
1550406664.0,2,1632611,12852
1550406963.0,3,1635351,12115
1550407191.0,4,1637028,11441
1550407521.0,-1,-1,11975
1550407822.0,-1,-1,12624
1550408122.0,-1,-1,13008
1550408381.0,2,1637031,12475
1550408681.0,4,1639771,12045
1550408721.0,3,1640066,11770
1550408890.0,4,1641311,11506
1550409220.0,-1,-1,12185
1550409521.0,-1,-1,12624
1550409821.0,-1,-1,12549
1550410111.0,2,1641312,12775
1550410411.0,4,1644052,11906
1550410441.0,3,1644273,11770
1550410657.0,4,1645862,11441
1550410987.0,-1,-1,12329
1550411288.0,-1,-1,12475
1550411588.0,-1,-1,12775
1550411869.0,2,1645865,12775
1550412169.0,3,1648609,11906
1550412384.0,4,1650194,11506
1550412715.0,-1,-1,12045
1550413015.0,-1,-1,12549
1550413316.0,-1,-1,12775
1550413560.0,2,1650196,12775
1550413860.0,3,1652940,12115
1550414084.0,4,1654589,11704
1550414415.0,-1,-1,12257
1550414715.0,-1,-1,12624
1550415016.0,-1,-1,12699
1550415300.0,2,1654589,12775
1550415601.0,3,1657333,11838
1550415804.0,4,1658830,11441
1550416134.0,-1,-1,12185
1550416435.0,-1,-1,12549
1550416735.0,-1,-1,12475
1550416995.0,2,1658830,12852
1550417295.0,3,1661574,11975
1550417482.0,4,1662951,11377
1550417812.0,-1,-1,12045
1550418113.0,-1,-1,12624
1550418413.0,-1,-1,12699
1550418602.0,2,1662956,12775
1550418901.0,4,1665696,11906
1550418931.0,3,1665917,11838
1550419074.0,4,1666970,11377
1550419773.0,-1,-1,12624
1550420324.0,2,1667521,12699
1550420564.0,4,1669714,11906
1550420594.0,3,1669934,11838
1550420726.0,4,1670911,11377
1550421057.0,-1,-1,12115
1550421357.0,-1,-1,12475
1550421658.0,-1,-1,13008
1550421927.0,2,1670914,12699
1550422227.0,3,1673658,11838
1550422434.0,4,1675183,11126
1550422765.0,-1,-1,12115
1550423065.0,-1,-1,12549
1550423366.0,-1,-1,12699
1550423666.0,-1,-1,12699
1550423713.0,2,1675188,12775
1550424013.0,4,1677928,11906
1550424043.0,3,1678149,11906
1550424220.0,4,1679454,11314
1550424550.0,-1,-1,12115
1550424851.0,-1,-1,12549
1550425151.0,-1,-1,12775
1550425437.0,2,1679456,12775
1550425737.0,3,1682200,12185
1550425949.0,4,1683769,11441
1550426280.0,-1,-1,12115
1550426580.0,-1,-1,12475
1550426881.0,-1,-1,12699
1550427097.0,2,1683771,12930
1550427397.0,3,1686515,11906
1550427590.0,4,1687932,11637
1550427920.0,-1,-1,12329
1550428220.0,-1,-1,12549
1550428521.0,-1,-1,12699
1550428715.0,2,1687934,12930
1550429016.0,3,1690678,11975
1550429254.0,4,1692435,11704
1550429585.0,-1,-1,12115
1550429885.0,-1,-1,12624
1550430186.0,-1,-1,12699
1550430338.0,2,1692436,12775
1550430638.0,3,1695180,11704
1550430893.0,4,1697057,11506
1550431239.0,-1,-1,12257
1550431540.0,-1,-1,12624
1550431840.0,-1,-1,12624
1550432030.0,2,1697060,12699
1550432330.0,3,1699804,11975
1550432566.0,4,1701541,11704
1550432897.0,-1,-1,12115
1550433197.0,-1,-1,12624
1550433498.0,-1,-1,12699
1550433704.0,2,1702170,12699
1550433970.0,3,1704542,11838
1550434196.0,4,1706189,11506
1550434865.0,-1,-1,12624
1550435166.0,-1,-1,12930
1550435212.0,2,1706191,12775
1550435511.0,4,1708931,11975
1550435541.0,3,1709151,11838
1550435716.0,4,1710440,11506
1550436046.0,-1,-1,12115
1550436347.0,-1,-1,12775
1550436647.0,-1,-1,12775
1550436801.0,2,1710445,12852
1550437101.0,3,1713185,11770
1550437292.0,4,1714590,11506
1550437622.0,-1,-1,11975
1550437923.0,-1,-1,13008
1550438223.0,-1,-1,12699
1550438371.0,2,1714594,12930
1550438671.0,4,1717334,11838
1550438701.0,3,1717554,11838
1550438898.0,4,1719011,11377
1550439229.0,-1,-1,12401
1550439529.0,-1,-1,12699
1550439830.0,-1,-1,12624
1550440006.0,2,1719011,12549
1550440306.0,3,1721755,11838
1550440499.0,4,1723176,11704
1550440829.0,-1,-1,12045
1550441130.0,-1,-1,12775
1550441430.0,-1,-1,12775
1550441658.0,2,1723177,12699
1550441958.0,3,1725921,11975
1550442163.0,4,1727430,11441
1550442494.0,-1,-1,11975
1550442794.0,-1,-1,12549
1550443095.0,-1,-1,13008
1550443395.0,-1,-1,12930
1550443425.0,2,1727482,12624
1550443719.0,3,1730174,11906
1550443940.0,4,1731799,11770
1550444270.0,-1,-1,12257
1550444571.0,-1,-1,12549
1550444871.0,-1,-1,12624
1550445127.0,2,1731802,12699
1550445426.0,3,1734542,12045
1550445657.0,4,1736243,11441
1550445987.0,-1,-1,12115
1550446288.0,-1,-1,12475
1550446588.0,-1,-1,12624
1550446889.0,-1,-1,12699
1550446950.0,2,1736244,12699
1550447250.0,3,1738988,11975
1550447467.0,4,1740589,11441
1550447798.0,-1,-1,12045
1550534669.0,2,1978108,12624
1550534934.0,3,1980530,11975
1550535158.0,4,1982183,11251
1550535489.0,-1,-1,12045
1550535789.0,-1,-1,12401
1550536090.0,-1,-1,12549
1550536368.0,2,1982184,12699
1550536668.0,4,1984924,11838
1550536708.0,3,1985219,11906
1550536872.0,4,1986426,11441
1550537228.0,-1,-1,12185
1550537528.0,-1,-1,12475
1550537829.0,-1,-1,12699
1550538026.0,2,1986429,12852
1550538326.0,3,1989169,11838
1550538524.0,4,1990632,11506
1550538855.0,-1,-1,12115
1550539155.0,-1,-1,12549
1550539456.0,-1,-1,12699
1550539686.0,2,1990634,12852
1550539986.0,4,1993374,11975
1550540026.0,3,1993668,11571
1550540184.0,4,1994835,11441
1550540525.0,-1,-1,12329
1550540825.0,-1,-1,12624
1550541126.0,-1,-1,12699
1550541352.0,2,1994838,12699
1550541652.0,4,1997578,11838
1550541691.0,3,1997872,11637
1550541844.0,4,1998995,11377
1550542174.0,-1,-1,12045
1550542475.0,-1,-1,12401
1550542775.0,-1,-1,12699
1550543076.0,-1,-1,12624
1550543106.0,2,1999252,12475
1550543377.0,4,2001738,12115
1550543417.0,3,2002033,11770
1550543599.0,4,2003374,11441
1550543940.0,-1,-1,12257
1550544240.0,-1,-1,12624
1550544541.0,-1,-1,12699
1550544788.0,2,2003377,12624
1550545088.0,4,2006117,11906
1550545128.0,3,2006412,11975
1550545327.0,4,2007879,11704
1550545668.0,-1,-1,12329
1550545968.0,-1,-1,12475
1550546269.0,-1,-1,12699
1550546471.0,2,2007881,13087
1550546771.0,3,2010625,12045
1550546998.0,4,2012297,11441
1550547339.0,-1,-1,12115
1550547639.0,-1,-1,12624
1550547940.0,-1,-1,12699
1550548110.0,2,2012298,12775
1550548410.0,4,2015038,11906
1550548440.0,3,2015259,11975
1550548655.0,4,2016846,11506
1550548996.0,-1,-1,12115
1550549296.0,-1,-1,12475
1550549597.0,-1,-1,12852
1550549756.0,2,2016851,12930
1550550055.0,4,2019591,11975
1550550111.0,3,2020003,11906
1550550292.0,4,2021334,11377
1550550622.0,-1,-1,12115
1550550923.0,-1,-1,12549
1550551223.0,-1,-1,12852
1550551405.0,2,2021334,12624
1550551705.0,3,2024078,11975
1550551950.0,4,2025887,11506
1550552281.0,-1,-1,12115
1550552581.0,-1,-1,12475
1550552882.0,-1,-1,12624
1550553099.0,2,2025890,12699
1550553399.0,4,2028632,11838
1550553439.0,3,2028927,11838
1550553633.0,4,2030354,11441
1550553963.0,-1,-1,12257
1550554264.0,-1,-1,12624
1550554564.0,-1,-1,12930
1550554676.0,2,2030357,12775
1550554976.0,4,2033097,11906
1550555016.0,3,2033392,11770
1550555177.0,4,2034581,11441
1550555508.0,-1,-1,12185
1550555808.0,-1,-1,12852
1550556109.0,-1,-1,12775
1550556230.0,2,2034584,12775
1550556530.0,3,2037328,11975
1550556738.0,4,2038863,11441
1550557079.0,-1,-1,12185
1550557379.0,-1,-1,12775
1550557680.0,-1,-1,12852
1550557781.0,2,2038865,12852
1550558081.0,3,2041609,11975
1550558316.0,4,2043342,11441
1550558661.0,-1,-1,11975
1550558961.0,-1,-1,12699
1550559262.0,-1,-1,12775
1550559377.0,2,2043344,12930
1550559677.0,3,2046088,11906
1550559907.0,4,2047779,11571
1550560247.0,-1,-1,12185
1550560548.0,-1,-1,12624
1550560848.0,-1,-1,12775
1550560914.0,2,2047782,12852
1550561214.0,4,2050523,11906
1550561254.0,3,2050818,11838
1550561444.0,4,2052213,11441
1550561784.0,-1,-1,12185
1550562085.0,-1,-1,12475
1550562385.0,-1,-1,12699
1550562505.0,2,2052216,12852
1550562806.0,3,2054960,12115
1550563053.0,4,2056779,11441
1550563393.0,-1,-1,12257
1550563693.0,-1,-1,12624
1550563993.0,-1,-1,12699
1550564131.0,2,2056780,12930
1550564431.0,3,2059523,11838
1550564694.0,4,2061462,11506
1550565034.0,-1,-1,12257
1550565335.0,-1,-1,12624
1550565635.0,-1,-1,12775
1550565789.0,2,2061462,12775
1550566090.0,3,2064206,11975
1550566351.0,4,2066129,11441
1550566691.0,-1,-1,12257
1550566992.0,-1,-1,12329
1550567292.0,-1,-1,12775
1550567421.0,2,2066133,12930
1550567721.0,4,2068873,11975
1550567761.0,3,2069167,11838
1550567993.0,4,2070878,11704
1550568334.0,-1,-1,12185
1550568634.0,-1,-1,12549
1550568934.0,-1,-1,12852
1550569179.0,2,2070879,12624
1550569479.0,3,2073623,11975
1550569757.0,4,2075666,11441
1550570087.0,-1,-1,12185
1550570388.0,-1,-1,12549
1550570688.0,-1,-1,12624
1550570988.0,-1,-1,12852
1550571028.0,2,2075842,12775
1550571309.0,3,2078412,11975
1550571544.0,4,2080141,11441
1550571885.0,-1,-1,12257
1550572185.0,-1,-1,12624
1550572486.0,-1,-1,12699
1550572698.0,2,2080142,12775
1550572997.0,4,2082882,11975
1550573037.0,3,2083177,11906
1550573259.0,4,2084808,11377
1550573589.0,-1,-1,12185
1550573890.0,-1,-1,12549
1550574190.0,-1,-1,12624
1550574400.0,2,2084811,12852
1550574700.0,4,2087551,11906
1550574740.0,3,2087845,11906
1550574959.0,4,2089460,11571
1550575300.0,-1,-1,11975
1550575600.0,-1,-1,12549
1550575900.0,-1,-1,12699
1550576133.0,2,2089463,12852
1550576432.0,3,2092203,12045
1550576685.0,4,2094062,11441
1550577015.0,-1,-1,12185
1550577316.0,-1,-1,12549
1550577798.0,2,2094209,12852
1550578082.0,4,2096805,12045
1550578138.0,3,2097217,11704
1550578342.0,4,2098718,11441
1550578682.0,-1,-1,12115
1550578983.0,-1,-1,12624
1550579283.0,-1,-1,12699
1550579385.0,2,2098718,12775
1550579685.0,4,2101458,11906
1550579725.0,3,2101753,11838
1550579911.0,4,2103122,11441
1550580252.0,-1,-1,12257
1550580552.0,-1,-1,12699
1550580852.0,-1,-1,12699
1550580948.0,2,2103124,12930
1550581248.0,3,2105868,11906
1550581469.0,4,2107503,11377
1550581826.0,-1,-1,12329
1550582126.0,-1,-1,12549
1550582427.0,-1,-1,12775
1550582528.0,2,2107508,12852
1550582828.0,3,2110248,12045
1550583080.0,4,2112111,11441
1550583411.0,-1,-1,12185
1550583711.0,-1,-1,12624
1550584012.0,-1,-1,12930
1550584063.0,2,2112113,12775
1550584363.0,3,2114857,11906
1550584647.0,4,2116954,11571
1550584978.0,-1,-1,12257
1550585278.0,-1,-1,12699
1550585579.0,-1,-1,12699
1550585609.0,2,2116954,12775
1550585909.0,3,2119698,11975
1550586147.0,4,2121453,11637
1550586494.0,-1,-1,12401
1550586794.0,-1,-1,12775
1550587023.0,2,2121455,13087
1550587322.0,4,2124195,12045
1550587352.0,3,2124415,11838
1550587552.0,4,2125888,11506
1550587883.0,-1,-1,12257
1550588183.0,-1,-1,12699
1550588483.0,-1,-1,12852
1550588513.0,2,2126144,12775
1550588785.0,4,2128632,11906
1550588815.0,3,2128852,11975
1550589041.0,4,2130515,11571
1550589371.0,-1,-1,12401
1550589672.0,-1,-1,12699
1550589972.0,-1,-1,12852
1550590002.0,2,2130686,12775
1550590283.0,4,2133258,11770
1550590313.0,3,2133479,11975
1550590498.0,4,2134840,11571
1550590829.0,-1,-1,12401
1550591129.0,-1,-1,12549
1550591429.0,-1,-1,12852
1550591476.0,2,2134841,12930
1550591777.0,3,2137585,11975
1550592015.0,4,2139304,11506
1550592376.0,-1,-1,12549
1550592702.0,-1,-1,12624
1550593022.0,2,2139394,12775
1550593312.0,4,2142045,12115
1550593342.0,3,2142265,11906
1550593556.0,4,2143846,11506
1550593887.0,-1,-1,12257
1550594187.0,-1,-1,12549
1550594487.0,-1,-1,12699
1550594538.0,2,2143846,12775
1550594839.0,3,2146590,11975
1550595076.0,4,2148335,11506
1550595406.0,-1,-1,12257
1550595707.0,-1,-1,12475
1550596007.0,-1,-1,12775
1550596087.0,2,2148338,12775
1550596387.0,3,2151078,12045
1550596638.0,4,2152931,11314
1550596969.0,-1,-1,11975
1550597269.0,-1,-1,12699
1550597570.0,-1,-1,12699
1550597632.0,2,2152933,12930
1550597932.0,3,2155677,11906
1550598138.0,4,2157194,11506
1550598468.0,-1,-1,11906
1550598769.0,-1,-1,12699
1550599069.0,-1,-1,12699
1550599126.0,2,2157198,12775
1550599426.0,3,2159938,11906
1550599692.0,4,2161898,11506
1550600032.0,-1,-1,12257
1550600333.0,-1,-1,12699
1550600633.0,-1,-1,12699
1550600664.0,2,2161898,12930
1550600964.0,4,2164638,11975
1550600994.0,3,2164859,11704
1550601201.0,4,2166384,11506
1550601532.0,-1,-1,12115
1550601832.0,-1,-1,12852
1550602133.0,-1,-1,12775
1550602163.0,2,2166533,13008
1550602446.0,4,2169126,12045
1550602476.0,3,2169346,11838
1550602742.0,4,2171307,11314
1550603072.0,-1,-1,12257
1550603373.0,-1,-1,12699
1550603673.0,-1,-1,12930
1550603703.0,2,2171577,12775
1550603974.0,4,2174049,12045
1550604004.0,3,2174270,11838
1550604273.0,4,2176255,11506
1550604603.0,-1,-1,11704
1550604904.0,-1,-1,12775
1550605204.0,-1,-1,12930
1550605241.0,2,2176256,12852
1550605541.0,4,2178996,11975
1550605571.0,3,2179217,11975
1550605786.0,4,2180798,11441
1550606116.0,-1,-1,11906
1550606442.0,-1,-1,12699
1550606721.0,2,2180879,12775
1550607016.0,3,2183574,11906
1550607282.0,4,2185534,11571
1550607945.0,-1,-1,12699
1550608222.0,2,2185534,12699
1550608522.0,4,2188274,11906
1550608552.0,3,2188495,11838
1550608798.0,4,2190308,11571
1550609129.0,-1,-1,12185
1550609429.0,-1,-1,12624
1550609730.0,-1,-1,12699
1550609759.0,2,2190387,12699
1550610051.0,4,2193051,12115
1550610081.0,3,2193272,11838
1550610267.0,4,2194641,11506
1550610597.0,-1,-1,12257
1550610897.0,-1,-1,12624
1550611198.0,-1,-1,12775
1550611251.0,2,2194644,12775
1550611550.0,3,2197384,11906
1550611776.0,4,2199049,11571
1550612107.0,-1,-1,12257
1550612407.0,-1,-1,12549
1550612708.0,-1,-1,12624
1550612776.0,2,2199051,12699
1550613076.0,4,2201791,12045
1550613106.0,3,2202011,11975
1550613318.0,4,2203576,11251
1550613648.0,-1,-1,12045
1550613949.0,-1,-1,12699
1550614249.0,-1,-1,12775
1550614279.0,2,2203584,12699
1550614578.0,3,2206320,12115
1550614804.0,4,2207983,11441
1550615135.0,-1,-1,12257
1550615435.0,-1,-1,12699
1550615682.0,2,2207988,12775
1550615982.0,4,2210728,11975
1550616012.0,3,2210948,11975
1550616236.0,4,2212601,11571
1550616567.0,-1,-1,12115
1550616867.0,-1,-1,12699
1550617167.0,-1,-1,12775
1550617275.0,2,2212604,12699
1550617575.0,4,2215344,11906
1550617615.0,3,2215639,11838
1550617817.0,4,2217128,11506
1550618147.0,-1,-1,11975
1550618448.0,-1,-1,12624
1550618748.0,-1,-1,12624
1550618855.0,2,2217131,12699
1550619156.0,3,2219875,11637
1550619362.0,4,2221396,11506
1550619693.0,-1,-1,12257
1550619993.0,-1,-1,12699
1550620294.0,-1,-1,13008
1550620328.0,2,2221398,12775
1550620628.0,3,2224140,11906
1550620851.0,4,2225746,11377
1550621182.0,-1,-1,12185
1550621482.0,-1,-1,12624
1550621782.0,-1,-1,12624
1550621812.0,2,2225880,12930
1550622098.0,4,2228488,11975
1550622127.0,3,2228708,11975
1550622346.0,4,2230321,11506
1550622677.0,-1,-1,12257
1550622977.0,-1,-1,12699
1550623278.0,-1,-1,12852
1550623327.0,2,2230321,12775
1550623627.0,3,2233065,11975
1550623892.0,4,2235022,11441
1550624223.0,-1,-1,12257
1550624523.0,-1,-1,12624
1550624824.0,2,2235023,12852
1550625123.0,4,2237763,11906
1550625153.0,3,2237984,11975
1550625397.0,4,2239781,11637
1550625728.0,-1,-1,12115
1550626028.0,-1,-1,12775
1550626326.0,2,2239781,12549
1550626625.0,4,2242521,12045
1550626655.0,3,2242742,11906
1550626869.0,4,2244319,11571
1550627210.0,-1,-1,12401
1550627510.0,-1,-1,12699
1550627776.0,2,2244321,12930
1550628076.0,4,2247061,12045
1550628116.0,3,2247355,12257
1550628359.0,4,2249146,11571
1550628712.0,-1,-1,12185
1550629012.0,-1,-1,12624
1550629267.0,2,2249148,12852
1550629568.0,3,2251892,11906
1550629853.0,4,2253995,11506
1550630184.0,-1,-1,12329
1550630484.0,-1,-1,13167
1550630745.0,2,2253997,12624
1550631045.0,3,2256739,11975
1550631314.0,4,2258724,11571
1550631670.0,-1,-1,12185
1550631971.0,-1,-1,12699
1550632200.0,2,2258725,12852
1550632500.0,3,2261469,11975
1550632777.0,4,2263504,11637
1550633121.0,-1,-1,12257
1550633422.0,-1,-1,12775
1550633667.0,2,2263507,12775
1550633967.0,3,2266249,12045
1550634295.0,4,2268666,11441
1550634640.0,-1,-1,12257
1550634940.0,-1,-1,12775
1550635142.0,2,2268672,12852
