Stove type: M441,,Latitude of the PUMA device location,[64.87386],Longitude of the PUMA device location,[-147.813],,,
Timestamp of each PUMA device reading,State of the stove when powered on; depends on the stove type the PUMA device is attached to,Number of cumulative clicks since PuMA installation the fuel pump solenoid makes when the stove turns on,Number of clicks the fuel pump solenoid makes when the stove turns on per time interval,The amount of fuel consumed by the stove,The fuel consumption rate of the stove,Indoor temperature read by the thermistor monitored by the PUMA device,Outdoor temperature interpolated using area temperature data from Snotel,Temperature difference between the indoor and outdoor temperatures
"Time since 1970, 1, 1, 00:00:00 UTC (Unix time)",Integer units corresponding to power states; -1 indicates powered off,Number of cumulative clicks; -1 indicates stove powered off,Number of clicks,US gallons,US gallons per hour,F,F,F
1543682817.0,4,1327,1199,0.005221645,0.07066887969924812,81.89,17.55,64.34
1543683174.0,-1,-1,0,0.0,0.0,70.37,17.82,52.55
1543683474.0,-1,-1,0,0.0,0.0,70.14,18.05,52.09
1543683774.0,-1,-1,0,0.0,0.0,69.21,18.17,51.04
1543684073.0,-1,-1,0,0.0,0.0,68.98,18.21,50.77
1543684373.0,-1,-1,0,0.0,0.0,70.14,18.26,51.88
1543684673.0,-1,-1,0,0.0,0.0,68.28,18.3,49.98
1543684972.0,-1,-1,0,0.0,0.0,68.51,18.35,50.16
1543685033.0,2,1330,0,0.0,0.0,68.28,18.35,49.93
1543685389.0,-1,-1,3,1.3065e-05,0.0001321179775280899,70.6,18.41,52.19
1543685446.0,3,3458,0,0.0,0.0,71.52,18.42,53.1
1543685802.0,-1,-1,0,0.0,0.0,72.65,18.47,54.18
1543686102.0,-1,-1,2128,0.00926744,0.11120928000000001,73.09,18.52,54.57
1543686402.0,-1,-1,0,0.0,0.0,73.98,18.56,55.42
1543686461.0,4,7792,0,0.0,0.0,73.76,18.57,55.19
1543686818.0,-1,-1,0,0.0,0.0,71.29,18.62,52.67
1543687117.0,-1,-1,0,0.0,0.0,69.68,18.67,51.01
1543687418.0,-1,-1,4334,0.01887457,0.22574236544850498,69.21,18.76,50.45
1543687718.0,-1,-1,0,0.0,0.0,69.21,18.86,50.35
1543688017.0,-1,-1,0,0.0,0.0,68.51,18.97,49.54
1543688317.0,-1,-1,0,0.0,0.0,68.28,19.07,49.21
1543688398.0,2,7795,0,0.0,0.0,68.98,19.1,49.88
1543688754.0,-1,-1,0,0.0,0.0,70.14,19.22,50.92
1543688808.0,3,9912,0,0.0,0.0,70.6,19.24,51.36
1543689165.0,-1,-1,0,0.0,0.0,73.54,19.37,54.17
1543689465.0,-1,-1,3,1.3065e-05,0.00015678,72.87,19.47,53.4
1543689751.0,4,14157,0,0.0,0.0,74.21,19.57,54.64
1543690108.0,-1,-1,0,0.0,0.0,71.74,19.7,52.04
1543690408.0,-1,-1,2117,0.009219535,0.11063442,70.83,19.8,51.03
1543690707.0,-1,-1,0,0.0,0.0,71.52,19.91,51.61
1543691007.0,-1,-1,0,0.0,0.0,70.37,19.94,50.43
1543691306.0,-1,-1,0,0.0,0.0,71.06,19.94,51.12
1543691606.0,-1,-1,4245,0.018486975,0.22184369999999998,70.6,19.94,50.66
1543691906.0,-1,-1,0,0.0,0.0,68.98,19.94,49.04
1543692205.0,-1,-1,0,0.0,0.0,69.21,19.94,49.27
1543692505.0,-1,-1,0,0.0,0.0,67.33,19.94,47.39
1543692780.0,2,14158,0,0.0,0.0,68.51,19.94,48.57
1543693136.0,-1,-1,0,0.0,0.0,70.37,19.94,50.43
1543693192.0,3,16262,0,0.0,0.0,71.06,19.94,51.12
1543693549.0,-1,-1,0,0.0,0.0,71.74,19.94,51.8
1543693849.0,-1,-1,0,0.0,0.0,72.87,19.94,52.93
1543694149.0,-1,-1,0,0.0,0.0,73.32,19.94,53.38
1543694222.0,4,20897,0,0.0,0.0,73.54,19.94,53.6
1543694579.0,-1,-1,1,4.355e-06,4.3915966386554624e-05,72.42,19.94,52.48
1543694878.0,-1,-1,0,0.0,0.0,71.97,19.94,52.03
1543695178.0,-1,-1,0,0.0,0.0,70.37,19.94,50.43
1543695477.0,-1,-1,2104,0.00916292,0.11032278260869566,71.52,19.94,51.58
1543695777.0,-1,-1,0,0.0,0.0,70.37,19.94,50.43
1543696077.0,-1,-1,0,0.0,0.0,70.6,19.94,50.66
1543696376.0,-1,-1,0,0.0,0.0,68.98,19.94,49.04
1543696676.0,-1,-1,0,0.0,0.0,67.33,19.94,47.39
1543696976.0,-1,-1,4635,0.020185425,0.2422251,68.04,19.94,48.1
1543697066.0,2,20900,0,0.0,0.0,68.98,19.94,49.04
1543697422.0,-1,-1,0,0.0,0.0,69.91,19.94,49.97
1543697478.0,3,23004,0,0.0,0.0,71.06,19.94,51.12
1543697837.0,-1,-1,0,0.0,0.0,70.83,19.94,50.89
1543698137.0,-1,-1,0,0.0,0.0,72.19,19.91,52.28
1543698437.0,-1,-1,0,0.0,0.0,74.65,19.83,54.82
1543698531.0,4,27745,0,0.0,0.0,73.09,19.81,53.28
1543698888.0,-1,-1,0,0.0,0.0,72.42,19.72,52.7
1543699187.0,-1,-1,0,0.0,0.0,71.52,19.64,51.88
1543699487.0,-1,-1,0,0.0,0.0,70.83,19.57,51.26
1543699787.0,-1,-1,3,1.3065e-05,0.00015678,69.91,19.49,50.42
1543700086.0,-1,-1,0,0.0,0.0,70.83,19.42,51.41
1543700386.0,-1,-1,0,0.0,0.0,69.91,19.34,50.57
1543700686.0,-1,-1,2104,0.00916292,0.10995504,68.75,19.27,49.48
1543700985.0,-1,-1,0,0.0,0.0,68.98,19.19,49.79
1543701059.0,2,27746,0,0.0,0.0,68.04,19.18,48.86
1543701415.0,-1,-1,0,0.0,0.0,70.6,19.09,51.51
1543701472.0,3,29872,0,0.0,0.0,71.29,19.07,52.22
1543701828.0,-1,-1,4741,0.020647054999999997,0.20879044382022469,72.19,18.87,53.32
1543702128.0,-1,-1,0,0.0,0.0,72.42,18.64,53.78
1543702339.0,4,33777,0,0.0,0.0,72.65,18.49,54.16
1543702696.0,-1,-1,0,0.0,0.0,71.74,18.22,53.52
1543702995.0,-1,-1,0,0.0,0.0,71.06,17.99,53.07
1543703295.0,-1,-1,0,0.0,0.0,70.6,17.77,52.83
1543703594.0,-1,-1,0,0.0,0.0,69.21,17.54,51.67
1543703894.0,-1,-1,0,0.0,0.0,69.68,17.32,52.36
1543704194.0,-1,-1,0,0.0,0.0,69.21,17.09,52.12
1543704493.0,-1,-1,0,0.0,0.0,68.28,16.87,51.41
1543704793.0,-1,-1,1,4.355e-06,5.226e-05,68.28,16.65,51.63
1543704849.0,2,33830,0,0.0,0.0,67.8,16.6,51.2
1543705170.0,3,35494,0,0.0,0.0,69.91,16.36,53.55
1543705526.0,-1,-1,2126,0.00925873,0.09362760674157303,71.52,16.36,55.16
1543705826.0,-1,-1,0,0.0,0.0,72.87,16.37,56.5
1543706126.0,-1,-1,0,0.0,0.0,73.09,16.39,56.7
1543706182.0,4,39816,0,0.0,0.0,73.09,16.39,56.7
1543706539.0,-1,-1,3905,0.017006274999999998,0.17149184873949577,70.83,16.41,54.42
1543706838.0,-1,-1,0,0.0,0.0,71.06,16.42,54.64
1543707138.0,-1,-1,0,0.0,0.0,70.6,16.44,54.16
1543707438.0,-1,-1,0,0.0,0.0,69.21,16.45,52.76
1543707738.0,-1,-1,0,0.0,0.0,69.68,16.47,53.21
1543708038.0,-1,-1,0,0.0,0.0,68.98,16.48,52.5
1543708337.0,-1,-1,0,0.0,0.0,68.75,16.5,52.25
1543708637.0,-1,-1,0,0.0,0.0,68.28,16.51,51.77
1543708879.0,2,39990,0,0.0,0.0,67.8,16.52,51.28
1543709235.0,-1,-1,0,0.0,0.0,70.6,16.52,54.08
1543709291.0,3,42113,53,0.000230815,0.014838107142857144,70.37,16.52,53.85
1543709647.0,-1,-1,0,0.0,0.0,71.97,16.52,55.45
1543709947.0,-1,-1,1664,0.00724672,0.08696064,71.97,16.52,55.45
1543710172.0,4,46081,0,0.0,0.0,73.54,16.52,57.02
1543710529.0,-1,-1,0,0.0,0.0,72.42,16.52,55.9
1543710829.0,-1,-1,0,0.0,0.0,71.06,16.52,54.54
1543711129.0,-1,-1,0,0.0,0.0,70.83,16.52,54.31
1543711428.0,-1,-1,4322,0.01882231,0.22662313043478258,70.37,16.52,53.85
1543711728.0,-1,-1,0,0.0,0.0,69.68,16.52,53.16
1543712027.0,-1,-1,0,0.0,0.0,68.75,16.52,52.23
1543712327.0,-1,-1,0,0.0,0.0,68.04,16.52,51.52
1543712626.0,-1,-1,0,0.0,0.0,68.04,16.67,51.37
1543712774.0,2,46084,0,0.0,0.0,67.57,16.76,50.81
1543713103.0,4,47796,0,0.0,0.0,70.14,16.98,53.16
1543713160.0,3,48050,0,0.0,0.0,71.06,17.01,54.05
1543713517.0,-1,-1,0,0.0,0.0,73.09,17.25,55.84
1543713817.0,-1,-1,0,0.0,0.0,72.65,17.44,55.21
1543713963.0,4,51664,174,0.00075777,0.018684739726027397,73.09,17.54,55.55
1543714319.0,-1,-1,0,0.0,0.0,71.52,17.77,53.75
1543714619.0,-1,-1,0,0.0,0.0,71.52,17.96,53.56
1543714918.0,-1,-1,2123,0.009245665,0.11131904347826087,69.21,18.16,51.05
1543715218.0,-1,-1,0,0.0,0.0,70.37,18.35,52.02
1543715518.0,-1,-1,0,0.0,0.0,68.98,18.55,50.43
1543715817.0,-1,-1,0,0.0,0.0,68.75,18.74,50.01
1543716117.0,-1,-1,3968,0.01728064,0.20736768,68.04,18.9,49.14
1543716395.0,2,51667,0,0.0,0.0,68.04,18.98,49.06
1543716751.0,-1,-1,0,0.0,0.0,71.74,19.09,52.65
1543716807.0,3,53771,0,0.0,0.0,70.14,19.1,51.04
1543717164.0,-1,-1,0,0.0,0.0,72.42,19.21,53.21
1543717464.0,-1,-1,0,0.0,0.0,73.76,19.3,54.46
1543717544.0,4,57089,0,0.0,0.0,73.76,19.32,54.44
1543717901.0,-1,-1,0,0.0,0.0,71.74,19.43,52.31
1543718200.0,-1,-1,0,0.0,0.0,69.45,19.52,49.93
1543718500.0,-1,-1,0,0.0,0.0,69.45,19.61,49.84
1543718799.0,-1,-1,3,1.3065e-05,0.00015730434782608695,69.45,19.7,49.75
1543719099.0,-1,-1,0,0.0,0.0,68.98,19.79,49.19
1543719399.0,-1,-1,1712,0.00745576,0.08946912,68.98,19.88,49.1
1543719698.0,-1,-1,0,0.0,0.0,67.8,19.98,47.82
1543719984.0,2,57092,254,0.0011061699999999999,0.01392381818181818,68.75,20.09,48.66
1543720340.0,-1,-1,0,0.0,0.0,70.14,20.24,49.9
1543720396.0,3,59216,0,0.0,0.0,70.6,20.26,50.34
1543720753.0,-1,-1,0,0.0,0.0,73.32,20.4,52.92
1543721052.0,-1,-1,3614,0.015738969999999998,0.18949930434782605,72.87,20.52,52.35
1543721233.0,4,62984,0,0.0,0.0,73.76,20.59,53.17
1543721590.0,-1,-1,0,0.0,0.0,71.06,20.74,50.32
1543721889.0,-1,-1,0,0.0,0.0,70.14,20.86,49.28
1543722188.0,-1,-1,0,0.0,0.0,69.91,20.98,48.93
1543722488.0,-1,-1,0,0.0,0.0,68.51,21.1,47.41
1543722788.0,-1,-1,0,0.0,0.0,68.51,21.22,47.29
1543723087.0,-1,-1,0,0.0,0.0,68.28,21.33,46.95
1543723388.0,-1,-1,0,0.0,0.0,68.51,21.22,47.29
1543723552.0,2,62988,3,1.3065e-05,0.00028679268292682925,68.28,21.08,47.2
1543723908.0,-1,-1,0,0.0,0.0,69.91,20.78,49.13
1543723964.0,3,65113,0,0.0,0.0,71.52,20.73,50.79
1543724320.0,-1,-1,2104,0.00916292,0.0926587415730337,72.42,20.43,51.99
1543724620.0,-1,-1,0,0.0,0.0,71.97,20.17,51.8
1543724872.0,4,69198,0,0.0,0.0,74.65,19.96,54.69
1543725228.0,-1,-1,0,0.0,0.0,72.42,19.66,52.76
1543725528.0,-1,-1,3318,0.01444989,0.17339868,70.37,19.4,50.97
1543725827.0,-1,-1,0,0.0,0.0,69.21,19.15,50.06
1543726127.0,-1,-1,0,0.0,0.0,69.21,18.89,50.32
1543726427.0,-1,-1,0,0.0,0.0,68.28,18.64,49.64
1543726726.0,-1,-1,0,0.0,0.0,69.45,18.38,51.07
1543727026.0,-1,-1,0,0.0,0.0,69.45,18.53,50.92
1543727325.0,-1,-1,0,0.0,0.0,67.57,18.82,48.75
1543727476.0,2,69199,0,0.0,0.0,67.33,18.96,48.37
1543727832.0,-1,-1,0,0.0,0.0,71.06,19.3,51.76
1543727888.0,3,71323,3,1.3065e-05,0.0008398928571428571,70.37,19.35,51.02
1543728245.0,-1,-1,0,0.0,0.0,71.52,19.69,51.83
1543728545.0,-1,-1,0,0.0,0.0,71.52,19.98,51.54
1543728845.0,-1,-1,2124,0.00925002,0.11100023999999999,73.76,20.26,53.5
1543729025.0,4,76439,0,0.0,0.0,73.32,20.43,52.89
1543729382.0,-1,-1,0,0.0,0.0,72.42,20.77,51.65
1543729681.0,-1,-1,0,0.0,0.0,70.14,21.06,49.08
1543729981.0,-1,-1,3768,0.01640964,0.19691567999999998,70.14,21.34,48.8
1543730280.0,-1,-1,0,0.0,0.0,69.45,21.63,47.82
1543730580.0,-1,-1,0,0.0,0.0,69.91,21.84,48.07
1543730879.0,-1,-1,0,0.0,0.0,68.75,22.0,46.75
1543731179.0,-1,-1,0,0.0,0.0,68.04,22.17,45.87
1543731478.0,-1,-1,0,0.0,0.0,69.45,22.33,47.12
1543731670.0,2,76444,0,0.0,0.0,69.45,22.44,47.01
1543732026.0,-1,-1,0,0.0,0.0,70.83,22.63,48.2
1543732120.0,3,78780,0,0.0,0.0,71.52,22.69,48.83
1543732477.0,-1,-1,4,1.742e-05,0.0001756638655462185,72.42,22.88,49.54
1543732777.0,-1,-1,0,0.0,0.0,73.09,23.05,50.04
1543733076.0,-1,-1,0,0.0,0.0,72.19,23.21,48.98
1543733271.0,4,83962,2125,0.009254375,0.17085,72.19,23.32,48.87
1543733628.0,-1,-1,0,0.0,0.0,71.97,23.52,48.45
1543733927.0,-1,-1,0,0.0,0.0,71.06,23.68,47.38
1543734228.0,-1,-1,0,0.0,0.0,70.37,24.16,46.21
1543734527.0,-1,-1,4085,0.017790175,0.21419608695652173,69.68,24.75,44.93
1543734827.0,-1,-1,0,0.0,0.0,70.14,25.33,44.81
1543735127.0,-1,-1,0,0.0,0.0,69.45,25.92,43.53
1543735426.0,-1,-1,0,0.0,0.0,68.04,26.5,41.54
1543735726.0,-1,-1,0,0.0,0.0,68.51,27.09,41.42
1543735839.0,2,83963,0,0.0,0.0,68.98,27.31,41.67
1543736168.0,4,85674,0,0.0,0.0,70.37,27.95,42.42
1543736225.0,3,85928,0,0.0,0.0,69.21,28.06,41.15
1543736581.0,-1,-1,0,0.0,0.0,72.87,28.75,44.12
1543736881.0,-1,-1,0,0.0,0.0,73.09,29.34,43.75
1543737181.0,-1,-1,1,4.355e-06,5.226e-05,73.54,29.92,43.62
1543737481.0,-1,-1,0,0.0,0.0,73.32,30.51,42.81
1543737781.0,-1,-1,0,0.0,0.0,73.09,30.69,42.4
1543737919.0,4,93556,2124,0.00925002,0.24130486956521738,72.87,30.64,42.23
1543738276.0,-1,-1,0,0.0,0.0,72.42,30.54,41.88
1543738576.0,-1,-1,0,0.0,0.0,71.97,30.45,41.52
1543738875.0,-1,-1,0,0.0,0.0,72.19,30.36,41.83
1543739175.0,-1,-1,0,0.0,0.0,72.42,30.27,42.15
1543739475.0,-1,-1,5116,0.02228018,0.26736216,70.83,30.18,40.65
1543739775.0,-1,-1,0,0.0,0.0,68.75,30.09,38.66
1543740075.0,-1,-1,0,0.0,0.0,68.98,30.0,38.98
1543740374.0,-1,-1,0,0.0,0.0,68.75,29.91,38.84
1543740674.0,-1,-1,0,0.0,0.0,68.51,29.82,38.69
1543740795.0,2,93561,0,0.0,0.0,67.57,29.78,37.79
1543741124.0,4,95270,0,0.0,0.0,69.68,29.68,40.0
1543741180.0,3,95524,0,0.0,0.0,70.14,29.67,40.47
1543741540.0,-1,-1,0,0.0,0.0,70.37,29.54,40.83
1543741840.0,-1,-1,0,0.0,0.0,72.65,29.44,43.21
1543742140.0,-1,-1,5,2.1775e-05,0.0002613,73.09,29.33,43.76
1543742356.0,4,100818,0,0.0,0.0,73.98,29.26,44.72
1543742713.0,-1,-1,0,0.0,0.0,72.65,29.13,43.52
1543743013.0,-1,-1,2336,0.01017328,0.12207936,70.37,29.03,41.34
1543743312.0,-1,-1,0,0.0,0.0,71.52,28.92,42.6
1543743612.0,-1,-1,0,0.0,0.0,70.6,28.82,41.78
1543743911.0,-1,-1,0,0.0,0.0,69.68,28.71,40.97
1543744211.0,-1,-1,0,0.0,0.0,69.68,28.61,41.07
1543744511.0,-1,-1,5182,0.02256761,0.27081131999999997,68.98,28.5,40.48
1543744810.0,-1,-1,0,0.0,0.0,69.21,28.39,40.82
1543745074.0,2,100822,0,0.0,0.0,68.04,28.11,39.93
1543745430.0,-1,-1,0,0.0,0.0,69.45,27.74,41.71
1543745486.0,3,102926,0,0.0,0.0,70.37,27.68,42.69
1543745843.0,-1,-1,0,0.0,0.0,71.52,27.3,44.22
1543746143.0,-1,-1,0,0.0,0.0,72.87,26.99,45.88
1543746443.0,-1,-1,0,0.0,0.0,72.65,26.67,45.98
1543746743.0,-1,-1,0,0.0,0.0,73.98,26.36,47.62
1543746902.0,4,109301,0,0.0,0.0,72.42,26.19,46.23
1543747259.0,-1,-1,1,4.355e-06,4.3915966386554624e-05,73.09,25.82,47.27
1543747559.0,-1,-1,0,0.0,0.0,71.06,25.5,45.56
1543747858.0,-1,-1,1711,0.0074514049999999995,0.08971591304347826,70.37,25.19,45.18
1543748158.0,-1,-1,0,0.0,0.0,69.68,24.87,44.81
1543748457.0,-1,-1,254,0.0011061699999999999,0.013318434782608694,68.04,24.57,43.47
1543748757.0,-1,-1,0,0.0,0.0,68.28,24.3,43.98
1543749057.0,-1,-1,0,0.0,0.0,68.04,24.03,44.01
1543749199.0,2,109305,0,0.0,0.0,67.8,23.9,43.9
1543749528.0,4,111013,0,0.0,0.0,69.68,23.6,46.08
1543749587.0,3,111279,0,0.0,0.0,70.83,23.55,47.28
1543749944.0,-1,-1,0,0.0,0.0,72.65,23.23,49.42
1543750244.0,-1,-1,7628,0.033219939999999996,0.39863927999999993,72.65,22.96,49.69
1543750544.0,-1,-1,0,0.0,0.0,72.87,22.69,50.18
1543750791.0,4,116698,0,0.0,0.0,73.76,22.47,51.29
1543751148.0,-1,-1,0,0.0,0.0,72.65,22.15,50.5
1543751447.0,-1,-1,0,0.0,0.0,71.06,21.88,49.18
1543751747.0,-1,-1,0,0.0,0.0,70.37,21.61,48.76
1543752079.0,-1,-1,0,0.0,0.0,70.37,21.29,49.08
1543752379.0,-1,-1,0,0.0,0.0,69.91,20.96,48.95
1543752678.0,-1,-1,0,0.0,0.0,70.14,20.63,49.51
1543752978.0,-1,-1,0,0.0,0.0,67.57,20.3,47.27
1543753277.0,-1,-1,0,0.0,0.0,68.04,19.98,48.06
1543753334.0,2,116811,5,2.1775e-05,0.0013752631578947368,68.51,19.91,48.6
1543753690.0,-1,-1,0,0.0,0.0,70.14,19.52,50.62
1543753746.0,3,118922,1709,0.007442695,0.47845896428571427,70.83,19.46,51.37
1543754103.0,-1,-1,0,0.0,0.0,71.97,19.07,52.9
1543754403.0,-1,-1,254,0.0011061699999999999,0.013274039999999999,72.87,18.74,54.13
1543754702.0,-1,-1,0,0.0,0.0,73.32,18.41,54.91
1543755002.0,-1,-1,0,0.0,0.0,73.54,18.08,55.46
1543755149.0,4,125236,0,0.0,0.0,73.09,17.92,55.17
1543755508.0,-1,-1,0,0.0,0.0,71.97,17.52,54.45
1543755807.0,-1,-1,5294,0.02305537,0.2775897391304348,71.97,17.44,54.53
1543756108.0,-1,-1,0,0.0,0.0,70.83,17.47,53.36
1543756407.0,-1,-1,0,0.0,0.0,69.68,17.5,52.18
1543756707.0,-1,-1,0,0.0,0.0,69.68,17.53,52.15
1543757007.0,-1,-1,0,0.0,0.0,69.21,17.56,51.65
1543757306.0,-1,-1,0,0.0,0.0,68.98,17.59,51.39
1543757606.0,-1,-1,0,0.0,0.0,69.91,17.62,52.29
1543757905.0,-1,-1,0,0.0,0.0,68.51,17.65,50.86
1543758145.0,2,125236,0,0.0,0.0,68.51,17.67,50.84
1543758501.0,-1,-1,0,0.0,0.0,71.74,17.71,54.03
1543758559.0,3,127350,4,1.742e-05,0.0010812413793103448,70.83,17.72,53.11
1543758916.0,-1,-1,0,0.0,0.0,71.74,17.75,53.99
1543759216.0,-1,-1,0,0.0,0.0,72.65,17.78,54.87
1543759516.0,-1,-1,2104,0.00916292,0.10995504,73.09,17.72,55.37
1543759665.0,4,132325,0,0.0,0.0,73.54,17.69,55.85
1543760021.0,-1,-1,0,0.0,0.0,71.06,17.62,53.44
1543760321.0,-1,-1,0,0.0,0.0,70.14,17.56,52.58
1543760620.0,-1,-1,0,0.0,0.0,69.68,17.5,52.18
1543760920.0,-1,-1,0,0.0,0.0,69.91,17.44,52.47
1543761219.0,-1,-1,6375,0.027763125,0.3342717391304348,68.51,17.38,51.13
1543761519.0,-1,-1,0,0.0,0.0,68.04,17.32,50.72
1543761819.0,-1,-1,0,0.0,0.0,68.75,17.26,51.49
1543761967.0,2,132328,0,0.0,0.0,68.98,17.23,51.75
1543762323.0,-1,-1,0,0.0,0.0,69.91,17.16,52.75
1543762379.0,3,134432,0,0.0,0.0,70.6,17.14,53.46
1543762736.0,-1,-1,0,0.0,0.0,71.97,17.07,54.9
1543763036.0,-1,-1,0,0.0,0.0,73.76,17.02,56.74
1543763322.0,4,138677,0,0.0,0.0,72.42,16.98,55.44
1543763679.0,-1,-1,4,1.742e-05,0.0001756638655462185,72.19,16.93,55.26
1543763978.0,-1,-1,0,0.0,0.0,70.37,16.88,53.49
1543764278.0,-1,-1,1708,0.00743834,0.08926008,70.14,16.84,53.3
1543764578.0,-1,-1,0,0.0,0.0,69.21,16.79,52.42
1543764877.0,-1,-1,266,0.00115843,0.013947652173913043,68.75,16.75,52.0
1543765177.0,-1,-1,0,0.0,0.0,69.21,16.7,52.51
1543765477.0,-1,-1,0,0.0,0.0,67.57,16.66,50.91
1543765533.0,2,138683,0,0.0,0.0,69.45,16.65,52.8
1543765889.0,-1,-1,0,0.0,0.0,70.37,16.6,53.77
1543765952.0,4,140859,5419,0.023599745,1.348556857142857,71.06,16.59,54.47
1543766009.0,3,141113,0,0.0,0.0,70.14,16.58,53.56
1543766364.0,-1,-1,0,0.0,0.0,72.65,16.53,56.12
1543766664.0,-1,-1,0,0.0,0.0,71.97,16.39,55.58
1543766964.0,-1,-1,0,0.0,0.0,72.19,16.24,55.95
1543767140.0,4,146205,0,0.0,0.0,73.76,16.15,57.61
1543767499.0,-1,-1,0,0.0,0.0,71.97,15.97,56.0
1543767798.0,-1,-1,0,0.0,0.0,70.83,15.82,55.01
1543768098.0,-1,-1,0,0.0,0.0,70.37,15.67,54.7
1543768397.0,-1,-1,0,0.0,0.0,69.68,15.52,54.16
1543768697.0,-1,-1,113,0.000492115,0.00590538,70.14,15.37,54.77
1543768997.0,-1,-1,0,0.0,0.0,68.98,15.22,53.76
1543769296.0,-1,-1,0,0.0,0.0,68.75,15.07,53.68
1543769596.0,-1,-1,2111,0.009193405,0.11032085999999999,68.51,14.92,53.59
1543769776.0,2,146208,0,0.0,0.0,67.57,14.83,52.74
1543770132.0,-1,-1,0,0.0,0.0,71.74,14.77,56.97
1543770188.0,3,148312,0,0.0,0.0,71.52,14.79,56.73
1543770545.0,-1,-1,0,0.0,0.0,71.97,14.91,57.06
1543770844.0,-1,-1,0,0.0,0.0,73.54,15.02,58.52
1543770901.0,4,151348,6314,0.02749747,1.7366823157894737,73.09,15.04,58.05
1543771257.0,-1,-1,0,0.0,0.0,70.83,15.16,55.67
1543771557.0,-1,-1,0,0.0,0.0,71.06,15.26,55.8
1543771856.0,-1,-1,0,0.0,0.0,69.91,15.37,54.54
1543772156.0,-1,-1,0,0.0,0.0,69.45,15.47,53.98
1543772456.0,-1,-1,0,0.0,0.0,69.21,15.58,53.63
1543772755.0,-1,-1,0,0.0,0.0,69.68,15.68,54.0
1543773055.0,-1,-1,0,0.0,0.0,68.75,15.79,52.96
1543773354.0,-1,-1,0,0.0,0.0,67.8,15.89,51.91
1543773411.0,2,151437,0,0.0,0.0,66.85,15.91,50.94
1543773767.0,-1,-1,0,0.0,0.0,70.6,16.02,54.58
1543773823.0,3,153571,0,0.0,0.0,70.6,16.04,54.56
1543774179.0,-1,-1,0,0.0,0.0,71.97,16.12,55.85
1543774479.0,-1,-1,2114,0.00920647,0.11047763999999999,72.19,16.2,55.99
1543774779.0,-1,-1,0,0.0,0.0,72.65,16.27,56.38
1543775079.0,-1,-1,0,0.0,0.0,72.65,16.35,56.3
1543775137.0,4,159370,0,0.0,0.0,72.65,16.36,56.29
1543775493.0,-1,-1,0,0.0,0.0,72.19,16.45,55.74
1543775793.0,-1,-1,4975,0.021666124999999998,0.2599935,71.29,16.53,54.76
1543776093.0,-1,-1,0,0.0,0.0,71.52,16.6,54.92
1543776392.0,-1,-1,0,0.0,0.0,70.6,16.68,53.92
1543776692.0,-1,-1,0,0.0,0.0,69.68,16.75,52.93
1543776991.0,-1,-1,0,0.0,0.0,69.68,16.83,52.85
1543777291.0,-1,-1,0,0.0,0.0,70.14,16.91,53.23
1543777591.0,-1,-1,0,0.0,0.0,68.51,17.02,51.49
1543777890.0,-1,-1,0,0.0,0.0,68.28,17.12,51.16
1543778190.0,-1,-1,0,0.0,0.0,68.98,17.23,51.75
1543778249.0,2,159373,3,1.3065e-05,0.0007971864406779661,68.04,17.25,50.79
1543778604.0,-1,-1,0,0.0,0.0,71.06,17.37,53.69
1543778661.0,3,161472,0,0.0,0.0,71.06,17.39,53.67
1543779017.0,-1,-1,2104,0.00916292,0.0926587415730337,72.19,17.52,54.67
1543779317.0,-1,-1,0,0.0,0.0,72.65,17.62,55.03
1543779463.0,4,165083,0,0.0,0.0,73.09,17.67,55.42
1543779819.0,-1,-1,0,0.0,0.0,71.74,17.8,53.94
1543780119.0,-1,-1,4245,0.018486975,0.22184369999999998,71.06,17.9,53.16
1543780418.0,-1,-1,0,0.0,0.0,71.06,18.01,53.05
1543780718.0,-1,-1,0,0.0,0.0,70.6,18.11,52.49
1543781018.0,-1,-1,0,0.0,0.0,69.91,18.11,51.8
1543781318.0,-1,-1,0,0.0,0.0,68.75,18.06,50.69
1543781618.0,-1,-1,0,0.0,0.0,68.98,18.02,50.96
1543781917.0,-1,-1,0,0.0,0.0,68.04,17.97,50.07
1543782095.0,2,165084,0,0.0,0.0,68.28,17.95,50.33
1543782453.0,-1,-1,0,0.0,0.0,71.06,17.89,53.17
1543782512.0,3,167230,6,2.613e-05,0.0015943728813559322,71.06,17.88,53.18
1543782868.0,-1,-1,0,0.0,0.0,72.87,17.83,55.04
1543783168.0,-1,-1,0,0.0,0.0,73.76,17.78,55.98
1543783352.0,4,171014,2176,0.009476479999999999,0.1854093913043478,73.32,17.76,55.56
1543783709.0,-1,-1,0,0.0,0.0,71.52,17.7,53.82
1543784008.0,-1,-1,254,0.0011061699999999999,0.013318434782608694,71.29,17.66,53.63
1543784308.0,-1,-1,0,0.0,0.0,71.97,17.61,54.36
1543784608.0,-1,-1,0,0.0,0.0,70.83,17.6,53.23
1543784907.0,-1,-1,0,0.0,0.0,69.68,17.6,52.08
1543785207.0,-1,-1,0,0.0,0.0,71.52,17.6,53.92
1543785507.0,-1,-1,5092,0.02217566,0.26610792,70.37,17.6,52.77
1543785806.0,-1,-1,0,0.0,0.0,68.98,17.6,51.38
1543786106.0,-1,-1,0,0.0,0.0,68.28,17.6,50.68
1543786219.0,2,171016,0,0.0,0.0,67.33,17.6,49.73
1543786577.0,-1,-1,0,0.0,0.0,70.6,17.6,53.0
1543786638.0,4,173194,0,0.0,0.0,69.91,17.6,52.31
1543786695.0,3,173449,0,0.0,0.0,71.74,17.6,54.14
1543787052.0,-1,-1,0,0.0,0.0,73.32,17.6,55.72
1543787329.0,4,176305,0,0.0,0.0,73.32,17.6,55.72
1543787686.0,-1,-1,0,0.0,0.0,72.19,17.6,54.59
1543787985.0,-1,-1,3,1.3065e-05,0.00015730434782608695,70.6,17.6,53.0
1543788285.0,-1,-1,0,0.0,0.0,70.6,17.54,53.06
1543788585.0,-1,-1,0,0.0,0.0,68.98,17.48,51.5
1543788885.0,-1,-1,2104,0.00916292,0.10995504,69.21,17.42,51.79
1543789185.0,-1,-1,0,0.0,0.0,68.75,17.36,51.39
1543789485.0,-1,-1,0,0.0,0.0,68.75,17.3,51.45
1543789784.0,-1,-1,0,0.0,0.0,67.8,17.24,50.56
1543789854.0,2,176308,3036,0.013221779999999999,0.6799772571428572,68.28,17.23,51.05
1543790184.0,4,178020,0,0.0,0.0,68.98,17.16,51.82
1543790240.0,3,178274,0,0.0,0.0,71.06,17.15,53.91
1543790597.0,-1,-1,0,0.0,0.0,71.52,17.08,54.44
1543790897.0,-1,-1,0,0.0,0.0,71.74,17.02,54.72
1543791197.0,-1,-1,0,0.0,0.0,72.19,16.96,55.23
1543791496.0,-1,-1,0,0.0,0.0,71.74,16.9,54.84
1543791796.0,-1,-1,0,0.0,0.0,72.42,16.85,55.57
1543791992.0,4,186160,0,0.0,0.0,73.32,16.82,56.5
1543792350.0,-1,-1,0,0.0,0.0,71.74,16.77,54.97
1543792649.0,-1,-1,89,0.00038759499999999996,0.004666695652173912,70.83,16.72,54.11
1543792949.0,-1,-1,0,0.0,0.0,69.45,16.68,52.77
1543793249.0,-1,-1,0,0.0,0.0,68.98,16.63,52.35
1543793548.0,-1,-1,2134,0.00929357,0.11189582608695652,68.98,16.59,52.39
1543793849.0,-1,-1,0,0.0,0.0,68.75,16.54,52.21
1543794148.0,-1,-1,0,0.0,0.0,67.57,16.5,51.07
1543794448.0,-1,-1,0,0.0,0.0,68.75,16.45,52.3
1543794505.0,2,186392,0,0.0,0.0,68.28,16.44,51.84
1543794850.0,4,188184,0,0.0,0.0,71.29,16.39,54.9
1543794906.0,3,188439,5799,0.025254645,1.623512892857143,69.91,16.38,53.53
1543795263.0,-1,-1,0,0.0,0.0,72.42,16.33,56.09
1543795562.0,-1,-1,0,0.0,0.0,72.42,16.3,56.12
1543795862.0,-1,-1,0,0.0,0.0,72.19,16.27,55.92
1543796162.0,-1,-1,0,0.0,0.0,72.65,16.24,56.41
1543796461.0,-1,-1,0,0.0,0.0,73.32,16.21,57.11
1543796623.0,4,196165,0,0.0,0.0,72.87,16.2,56.67
1543796980.0,-1,-1,0,0.0,0.0,72.19,16.16,56.03
1543797279.0,-1,-1,0,0.0,0.0,71.06,16.13,54.93
1543797579.0,-1,-1,0,0.0,0.0,70.6,16.1,54.5
1543797879.0,-1,-1,0,0.0,0.0,71.52,16.07,55.45
1543798179.0,-1,-1,0,0.0,0.0,70.14,16.04,54.1
1543798479.0,-1,-1,3,1.3065e-05,0.00015678,69.45,16.01,53.44
1543798778.0,-1,-1,0,0.0,0.0,68.75,15.98,52.77
1543799078.0,-1,-1,0,0.0,0.0,69.21,15.98,53.23
1543799377.0,-1,-1,2099,0.009141145,0.11006060869565217,68.28,15.98,52.3
1543799434.0,2,196291,0,0.0,0.0,68.98,15.98,53.0
1543799790.0,-1,-1,0,0.0,0.0,71.74,15.98,55.76
1543799846.0,3,198400,0,0.0,0.0,71.52,15.98,55.54
1543800203.0,-1,-1,3611,0.015725905,0.15858055462184872,72.19,15.98,56.21
1543800503.0,-1,-1,0,0.0,0.0,72.87,15.98,56.89
1543800802.0,-1,-1,0,0.0,0.0,71.74,15.98,55.76
1543801102.0,-1,-1,0,0.0,0.0,72.42,15.98,56.44
1543801402.0,-1,-1,0,0.0,0.0,71.74,15.98,55.76
1543801458.0,4,205590,0,0.0,0.0,72.42,15.98,56.44
1543801815.0,-1,-1,0,0.0,0.0,70.83,15.98,54.85
1543802115.0,-1,-1,0,0.0,0.0,70.6,15.98,54.62
1543802414.0,-1,-1,0,0.0,0.0,71.29,15.98,55.31
1543802714.0,-1,-1,0,0.0,0.0,69.91,15.93,53.98
1543803014.0,-1,-1,1,4.355e-06,5.226e-05,69.45,15.89,53.56
1543803314.0,-1,-1,0,0.0,0.0,68.98,15.84,53.14
1543803613.0,-1,-1,0,0.0,0.0,68.28,15.8,52.48
1543803909.0,2,205590,2146,0.00934583,0.11366549999999999,68.04,15.75,52.29
1543804265.0,-1,-1,0,0.0,0.0,70.6,15.7,54.9
1543804321.0,3,207715,0,0.0,0.0,70.83,15.69,55.14
1543804678.0,-1,-1,0,0.0,0.0,72.65,15.64,57.01
1543804978.0,-1,-1,3784,0.01647932,0.19775183999999998,72.42,15.59,56.83
1543805277.0,-1,-1,0,0.0,0.0,72.65,15.55,57.1
1543805426.0,4,212688,0,0.0,0.0,72.42,15.53,56.89
1543805783.0,-1,-1,0,0.0,0.0,71.06,15.47,55.59
1543806082.0,-1,-1,0,0.0,0.0,70.6,15.41,55.19
1543806383.0,-1,-1,0,0.0,0.0,69.68,15.31,54.37
1543806682.0,-1,-1,0,0.0,0.0,70.14,15.2,54.94
1543806982.0,-1,-1,0,0.0,0.0,68.51,15.1,53.41
1543807281.0,-1,-1,0,0.0,0.0,67.8,14.99,52.81
1543807581.0,-1,-1,0,0.0,0.0,69.45,14.89,54.56
1543807850.0,2,212693,0,0.0,0.0,67.33,14.79,52.54
1543808206.0,-1,-1,2,8.71e-06,8.807865168539325e-05,70.14,14.67,55.47
1543808263.0,3,214817,0,0.0,0.0,71.52,14.65,56.87
1543808619.0,-1,-1,0,0.0,0.0,72.87,14.52,58.35
1543808919.0,-1,-1,2178,0.00948519,0.11382228,73.09,14.42,58.67
1543809219.0,-1,-1,0,0.0,0.0,73.54,14.31,59.23
1543809383.0,4,219860,255,0.001110525,0.024377378048780488,72.87,14.26,58.61
1543809739.0,-1,-1,0,0.0,0.0,71.74,14.19,57.55
1543810039.0,-1,-1,0,0.0,0.0,70.14,14.2,55.94
1543810338.0,-1,-1,2856,0.01243788,0.1497537391304348,68.75,14.22,54.53
1543810638.0,-1,-1,0,0.0,0.0,69.21,14.23,54.98
1543810937.0,-1,-1,0,0.0,0.0,68.98,14.25,54.73
1543811237.0,-1,-1,0,0.0,0.0,69.45,14.26,55.19
1543811536.0,-1,-1,0,0.0,0.0,68.51,14.28,54.23
1543811836.0,-1,-1,0,0.0,0.0,68.51,14.29,54.22
1543811892.0,2,220140,0,0.0,0.0,68.51,14.29,54.22
1543812229.0,3,221888,0,0.0,0.0,70.83,14.31,56.52
1543812588.0,-1,-1,0,0.0,0.0,72.65,14.33,58.32
1543812888.0,-1,-1,0,0.0,0.0,73.09,14.34,58.75
1543813188.0,-1,-1,3,1.3065e-05,0.00015678,72.87,14.36,58.51
1543813249.0,4,226481,0,0.0,0.0,73.09,14.36,58.73
1543813606.0,-1,-1,1712,0.00745576,0.07518413445378151,71.29,14.34,56.95
1543813906.0,-1,-1,0,0.0,0.0,69.91,14.32,55.59
1543814206.0,-1,-1,254,0.0011061699999999999,0.013274039999999999,69.21,14.31,54.9
1543814505.0,-1,-1,0,0.0,0.0,68.51,14.29,54.22
1543814806.0,-1,-1,0,0.0,0.0,69.21,14.28,54.93
1543815105.0,-1,-1,0,0.0,0.0,67.8,14.26,53.54
1543815405.0,-1,-1,0,0.0,0.0,67.57,14.25,53.32
1543815610.0,2,226484,0,0.0,0.0,68.04,14.24,53.8
1543815966.0,-1,-1,0,0.0,0.0,70.6,14.22,56.38
1543816021.0,3,228601,7886,0.03434353,2.247940145454545,71.06,14.22,56.84
1543816377.0,-1,-1,0,0.0,0.0,72.87,14.2,58.67
1543816677.0,-1,-1,0,0.0,0.0,73.32,14.19,59.13
1543816960.0,4,232828,0,0.0,0.0,73.32,14.12,59.2
1543817316.0,-1,-1,0,0.0,0.0,71.06,14.0,57.06
1543817616.0,-1,-1,0,0.0,0.0,71.29,13.89,57.4
1543817916.0,-1,-1,0,0.0,0.0,70.37,13.79,56.58
1543818216.0,-1,-1,0,0.0,0.0,68.98,13.68,55.3
1543818515.0,-1,-1,0,0.0,0.0,67.8,13.58,54.22
1543818815.0,-1,-1,0,0.0,0.0,68.75,13.47,55.28
1543819114.0,-1,-1,232,0.0010103599999999999,0.012164869565217389,67.09,13.37,53.72
1543819236.0,2,232832,0,0.0,0.0,67.57,13.33,54.24
1543819592.0,-1,-1,1792,0.007804159999999999,0.07891847191011235,71.52,13.2,58.32
1543819648.0,3,234956,0,0.0,0.0,70.37,13.18,57.19
1543820005.0,-1,-1,255,0.001110525,0.01119857142857143,72.65,13.06,59.59
1543820305.0,-1,-1,0,0.0,0.0,73.09,12.95,60.14
1543820533.0,4,238941,0,0.0,0.0,73.76,13.0,60.76
1543820890.0,-1,-1,0,0.0,0.0,71.06,13.21,57.85
1543821189.0,-1,-1,0,0.0,0.0,69.68,13.39,56.29
1543821489.0,-1,-1,0,0.0,0.0,69.68,13.57,56.11
1543821789.0,-1,-1,0,0.0,0.0,70.37,13.75,56.62
1543822088.0,-1,-1,7726,0.03364673,0.40511113043478264,68.51,13.93,54.58
1543822388.0,-1,-1,0,0.0,0.0,67.8,14.11,53.69
1543822687.0,-1,-1,0,0.0,0.0,67.33,14.29,53.04
1543822746.0,2,238969,0,0.0,0.0,67.57,14.33,53.24
1543823102.0,-1,-1,0,0.0,0.0,70.83,14.54,56.29
1543823158.0,3,241090,0,0.0,0.0,71.74,14.57,57.17
1543823515.0,-1,-1,0,0.0,0.0,71.97,14.79,57.18
1543823815.0,-1,-1,0,0.0,0.0,72.87,14.97,57.9
1543824057.0,4,245137,0,0.0,0.0,73.32,15.12,58.2
1543824414.0,-1,-1,0,0.0,0.0,72.19,15.35,56.84
1543824713.0,-1,-1,0,0.0,0.0,70.14,15.54,54.6
1543825013.0,-1,-1,126,0.00054873,0.00658476,71.29,15.74,55.55
1543825313.0,-1,-1,0,0.0,0.0,69.68,15.93,53.75
1543825612.0,-1,-1,0,0.0,0.0,70.83,16.13,54.7
1543825912.0,-1,-1,2109,0.009184695,0.11021634000000001,69.21,16.32,52.89
1543826211.0,-1,-1,0,0.0,0.0,70.6,16.52,54.08
1543826511.0,-1,-1,0,0.0,0.0,68.28,16.71,51.57
1543826811.0,-1,-1,0,0.0,0.0,68.04,16.91,51.13
1543827110.0,-1,-1,0,0.0,0.0,67.33,17.1,50.23
1543827169.0,2,245411,0,0.0,0.0,67.57,17.14,50.43
1543827506.0,4,247163,0,0.0,0.0,71.74,17.36,54.38
1543827562.0,3,247417,7190,0.03131245,2.012943214285714,71.97,17.4,54.57
1543827917.0,-1,-1,0,0.0,0.0,72.42,17.69,54.73
1543828217.0,-1,-1,0,0.0,0.0,73.32,17.94,55.38
1543828330.0,4,250874,0,0.0,0.0,72.87,18.04,54.83
1543828687.0,-1,-1,0,0.0,0.0,71.29,18.34,52.95
1543828987.0,-1,-1,0,0.0,0.0,69.91,18.6,51.31
1543829286.0,-1,-1,0,0.0,0.0,69.21,18.85,50.36
1543829586.0,-1,-1,0,0.0,0.0,68.28,19.11,49.17
1543829885.0,-1,-1,0,0.0,0.0,68.75,19.36,49.39
1543830185.0,-1,-1,0,0.0,0.0,68.75,19.62,49.13
1543830485.0,-1,-1,0,0.0,0.0,68.28,19.87,48.41
1543830569.0,2,250874,2125,0.009254375,0.39661607142857147,69.45,19.94,49.51
1543830926.0,-1,-1,0,0.0,0.0,72.19,20.25,51.94
1543830982.0,3,252980,0,0.0,0.0,71.29,20.29,51.0
1543831339.0,-1,-1,0,0.0,0.0,72.87,20.51,52.36
1543831639.0,-1,-1,0,0.0,0.0,73.09,20.59,52.5
1543831781.0,4,256578,4973,0.021657415,0.5490612253521127,72.42,20.63,51.79
1543832138.0,-1,-1,0,0.0,0.0,72.65,20.71,51.94
1543832437.0,-1,-1,0,0.0,0.0,70.6,20.79,49.81
1543832737.0,-1,-1,0,0.0,0.0,70.37,20.86,49.51
1543833036.0,-1,-1,0,0.0,0.0,67.57,20.94,46.63
1543833336.0,-1,-1,0,0.0,0.0,68.04,21.01,47.03
1543833636.0,-1,-1,0,0.0,0.0,69.68,21.09,48.59
1543833935.0,-1,-1,0,0.0,0.0,68.75,21.16,47.59
1543834213.0,2,256582,0,0.0,0.0,68.04,21.23,46.81
1543834569.0,-1,-1,5,2.1775e-05,0.00022019662921348313,69.91,21.32,48.59
1543834625.0,3,258708,0,0.0,0.0,71.97,21.34,50.63
1543834982.0,-1,-1,0,0.0,0.0,73.09,21.4,51.69
1543835282.0,-1,-1,2124,0.00925002,0.11100023999999999,72.42,21.43,50.99
1543835339.0,4,261921,0,0.0,0.0,73.98,21.43,52.55
1543835696.0,-1,-1,0,0.0,0.0,71.06,21.47,49.59
1543835995.0,-1,-1,0,0.0,0.0,70.37,21.5,48.87
1543836295.0,-1,-1,0,0.0,0.0,68.75,21.53,47.22
1543836594.0,-1,-1,5043,0.021962264999999998,0.26442860869565216,68.51,21.56,46.95
1543836894.0,-1,-1,0,0.0,0.0,68.98,21.59,47.39
1543837193.0,-1,-1,0,0.0,0.0,68.75,21.62,47.13
1543837493.0,-1,-1,0,0.0,0.0,69.45,21.65,47.8
1543837607.0,2,261926,0,0.0,0.0,67.8,21.66,46.14
1543837963.0,-1,-1,0,0.0,0.0,71.06,21.7,49.36
1543838019.0,3,264051,0,0.0,0.0,70.37,21.7,48.67
1543838375.0,-1,-1,0,0.0,0.0,71.29,21.74,49.55
1543838675.0,-1,-1,0,0.0,0.0,72.87,21.74,51.13
1543838731.0,4,267135,0,0.0,0.0,73.32,21.74,51.58
1543839088.0,-1,-1,280,0.0012194,0.012296470588235294,71.97,21.74,50.23
1543839387.0,-1,-1,0,0.0,0.0,71.52,21.74,49.78
1543839687.0,-1,-1,1748,0.007612539999999999,0.09135047999999998,68.98,21.74,47.24
1543839986.0,-1,-1,0,0.0,0.0,68.98,21.74,47.24
1543840286.0,-1,-1,0,0.0,0.0,69.45,21.74,47.71
1543840585.0,-1,-1,0,0.0,0.0,68.51,21.74,46.77
1543840886.0,-1,-1,0,0.0,0.0,69.21,21.74,47.47
1543841036.0,2,267135,4593,0.020002515,0.48006035999999996,68.98,21.74,47.24
1543841392.0,-1,-1,0,0.0,0.0,70.83,21.74,49.09
1543841448.0,3,269259,0,0.0,0.0,70.6,21.74,48.86
1543841803.0,-1,-1,0,0.0,0.0,72.19,21.74,50.45
1543842103.0,-1,-1,0,0.0,0.0,72.42,21.77,50.65
1543842165.0,4,272485,0,0.0,0.0,73.76,21.78,51.98
1543842522.0,-1,-1,0,0.0,0.0,70.83,21.87,48.96
1543842821.0,-1,-1,0,0.0,0.0,70.83,21.95,48.88
1543843121.0,-1,-1,0,0.0,0.0,68.98,22.02,46.96
1543843420.0,-1,-1,3,1.3065e-05,0.00015730434782608695,69.45,22.09,47.36
1543843720.0,-1,-1,0,0.0,0.0,68.98,22.17,46.81
1543844020.0,-1,-1,0,0.0,0.0,68.98,22.25,46.73
1543844320.0,-1,-1,2117,0.009219535,0.11063442,67.09,22.32,44.77
1543844490.0,2,272488,0,0.0,0.0,68.51,22.36,46.15
1543844846.0,-1,-1,0,0.0,0.0,70.83,22.45,48.38
1543844902.0,3,274592,0,0.0,0.0,71.06,22.47,48.59
1543845261.0,-1,-1,4227,0.018408584999999998,0.18459862395543172,72.19,22.56,49.63
1543845561.0,-1,-1,0,0.0,0.0,73.32,22.63,50.69
1543845615.0,4,277655,0,0.0,0.0,74.21,22.64,51.57
1543845972.0,-1,-1,0,0.0,0.0,71.06,22.66,48.4
1543846271.0,-1,-1,0,0.0,0.0,70.6,22.67,47.93
1543846571.0,-1,-1,0,0.0,0.0,70.14,22.69,47.45
1543846871.0,-1,-1,0,0.0,0.0,68.75,22.7,46.05
1543847170.0,-1,-1,0,0.0,0.0,68.28,22.72,45.56
1543847470.0,-1,-1,0,0.0,0.0,68.98,22.73,46.25
1543847769.0,-1,-1,4,1.742e-05,0.0002097391304347826,67.57,22.75,44.82
1543848021.0,2,277658,0,0.0,0.0,68.28,22.76,45.52
1543848377.0,-1,-1,0,0.0,0.0,70.14,22.78,47.36
1543848436.0,3,279795,2124,0.00925002,0.564408,70.6,22.78,47.82
1543848792.0,-1,-1,0,0.0,0.0,73.76,22.8,50.96
1543849092.0,-1,-1,0,0.0,0.0,73.32,22.81,50.51
1543849149.0,4,282849,0,0.0,0.0,73.76,22.82,50.94
1543849505.0,-1,-1,3985,0.017354675,0.17549671348314608,71.97,22.85,49.12
1543849805.0,-1,-1,0,0.0,0.0,70.37,22.88,47.49
1543850105.0,-1,-1,0,0.0,0.0,68.75,22.91,45.84
1543850405.0,-1,-1,0,0.0,0.0,69.91,22.94,46.97
1543850705.0,-1,-1,0,0.0,0.0,69.45,22.97,46.48
1543851004.0,-1,-1,0,0.0,0.0,68.04,23.0,45.04
1543851304.0,-1,-1,0,0.0,0.0,69.45,23.03,46.42
1543851603.0,-1,-1,0,0.0,0.0,68.51,23.06,45.45
1543851707.0,2,282850,0,0.0,0.0,68.04,23.07,44.97
1543852062.0,-1,-1,28,0.00012193999999999999,0.001236574647887324,69.91,23.11,46.8
1543852119.0,3,284974,0,0.0,0.0,70.6,23.11,47.49
1543852476.0,-1,-1,0,0.0,0.0,72.42,23.15,49.27
1543852775.0,-1,-1,2121,0.009236955,0.11121417391304347,72.19,23.18,49.01
1543852832.0,4,287985,0,0.0,0.0,73.09,23.18,49.91
1543853188.0,-1,-1,0,0.0,0.0,71.06,23.2,47.86
1543853488.0,-1,-1,0,0.0,0.0,69.68,23.21,46.47
1543853787.0,-1,-1,4047,0.017624684999999998,0.21220356521739125,68.75,23.23,45.52
1543854087.0,-1,-1,0,0.0,0.0,68.98,23.24,45.74
1543854386.0,-1,-1,0,0.0,0.0,68.28,23.26,45.02
1543854686.0,-1,-1,0,0.0,0.0,68.98,23.27,45.71
1543854985.0,-1,-1,0,0.0,0.0,68.04,23.29,44.75
1543855186.0,2,287985,0,0.0,0.0,66.85,23.3,43.55
1543855542.0,-1,-1,0,0.0,0.0,71.29,23.32,47.97
1543855598.0,3,290109,0,0.0,0.0,71.74,23.32,48.42
1543855955.0,-1,-1,0,0.0,0.0,72.87,23.34,49.53
1543856229.0,4,292948,0,0.0,0.0,73.54,23.35,50.19
1543856585.0,-1,-1,0,0.0,0.0,72.42,23.38,49.04
1543856885.0,-1,-1,0,0.0,0.0,71.29,23.41,47.88
1543857185.0,-1,-1,274,0.00119327,0.014319239999999999,69.91,23.44,46.47
1543857484.0,-1,-1,0,0.0,0.0,68.04,23.47,44.57
1543857784.0,-1,-1,1752,0.00762996,0.09155951999999999,68.75,23.5,45.25
1543858083.0,-1,-1,0,0.0,0.0,68.75,23.53,45.22
1543858383.0,-1,-1,254,0.0011061699999999999,0.013274039999999999,69.21,23.56,45.65
1543858682.0,-1,-1,0,0.0,0.0,68.51,23.59,44.92
1543858739.0,2,293199,0,0.0,0.0,67.33,23.59,43.74
1543859020.0,4,294660,0,0.0,0.0,69.45,23.62,45.83
1543859077.0,3,294915,3457,0.015055235,0.9508569473684211,70.83,23.63,47.2
1543859433.0,-1,-1,0,0.0,0.0,71.97,23.66,48.31
1543859733.0,-1,-1,0,0.0,0.0,73.76,23.69,50.07
1543859790.0,4,298104,0,0.0,0.0,72.65,23.7,48.95
1543860144.0,-1,-1,0,0.0,0.0,70.37,23.71,46.66
1543860444.0,-1,-1,0,0.0,0.0,69.68,23.68,46.0
1543860744.0,-1,-1,0,0.0,0.0,70.14,23.65,46.49
1543861043.0,-1,-1,0,0.0,0.0,68.98,23.62,45.36
1543861343.0,-1,-1,0,0.0,0.0,69.45,23.59,45.86
1543861642.0,-1,-1,0,0.0,0.0,68.98,23.56,45.42
1543861942.0,-1,-1,0,0.0,0.0,68.51,23.53,44.98
1543862234.0,2,298104,2106,0.00917163,0.11307489041095892,68.28,23.5,44.78
1543862593.0,-1,-1,0,0.0,0.0,69.45,23.46,45.99
1543862652.0,3,300252,0,0.0,0.0,71.97,23.45,48.52
1543863008.0,-1,-1,0,0.0,0.0,73.32,23.42,49.9
1543863292.0,4,303135,3598,0.01566929,0.1986248028169014,73.32,23.39,49.93
1543863653.0,-1,-1,0,0.0,0.0,71.06,23.37,47.69
1543863953.0,-1,-1,0,0.0,0.0,70.14,23.41,46.73
1543864252.0,-1,-1,0,0.0,0.0,68.04,23.46,44.58
1543864552.0,-1,-1,0,0.0,0.0,68.04,23.5,44.54
1543864851.0,-1,-1,0,0.0,0.0,69.21,23.55,45.66
1543865151.0,-1,-1,0,0.0,0.0,68.51,23.59,44.92
1543865450.0,-1,-1,0,0.0,0.0,67.8,23.64,44.16
1543865582.0,2,303138,0,0.0,0.0,68.04,23.66,44.38
1543865938.0,-1,-1,4,1.742e-05,0.0001761573033707865,71.06,23.71,47.35
1543865994.0,3,305241,0,0.0,0.0,71.97,23.72,48.25
1543866351.0,-1,-1,0,0.0,0.0,72.65,23.77,48.88
1543866651.0,-1,-1,2126,0.00925873,0.11110476,73.32,23.82,49.5
1543866707.0,4,308378,0,0.0,0.0,74.42,23.83,50.59
1543867066.0,-1,-1,0,0.0,0.0,71.97,23.88,48.09
1543867366.0,-1,-1,0,0.0,0.0,70.6,23.94,46.66
1543867665.0,-1,-1,3213,0.013992615,0.16847295652173913,70.83,24.02,46.81
1543867965.0,-1,-1,0,0.0,0.0,68.98,24.09,44.89
1543868264.0,-1,-1,0,0.0,0.0,68.75,24.17,44.58
1543868564.0,-1,-1,0,0.0,0.0,67.8,24.24,43.56
1543868863.0,-1,-1,0,0.0,0.0,68.28,24.32,43.96
1543869163.0,-1,-1,0,0.0,0.0,68.51,24.39,44.12
1543869330.0,2,308379,0,0.0,0.0,68.51,24.43,44.08
1543869686.0,-1,-1,0,0.0,0.0,68.51,24.52,43.99
1543869749.0,3,310559,0,0.0,0.0,70.37,24.54,45.83
1543870106.0,-1,-1,5,2.1775e-05,0.00021957983193277312,72.19,24.63,47.56
1543870406.0,-1,-1,0,0.0,0.0,73.54,24.7,48.84
1543870595.0,4,314363,0,0.0,0.0,72.42,24.75,47.67
1543870951.0,-1,-1,2125,0.009254375,0.09358356741573035,71.06,24.82,46.24
1543871251.0,-1,-1,0,0.0,0.0,70.14,24.85,45.29
1543871551.0,-1,-1,0,0.0,0.0,68.51,24.88,43.63
1543871850.0,-1,-1,0,0.0,0.0,68.28,24.91,43.37
1543872150.0,-1,-1,3084,0.01343082,0.16116984,68.51,24.94,43.57
1543872450.0,-1,-1,0,0.0,0.0,68.75,24.96,43.79
1543872750.0,-1,-1,0,0.0,0.0,68.28,25.0,43.28
1543872937.0,2,314369,0,0.0,0.0,68.75,25.01,43.74
1543873293.0,-1,-1,0,0.0,0.0,70.14,25.05,45.09
1543873352.0,3,316505,0,0.0,0.0,70.6,25.06,45.54
1543873708.0,-1,-1,0,0.0,0.0,71.52,25.09,46.43
1543874007.0,-1,-1,0,0.0,0.0,72.65,25.12,47.53
1543874064.0,4,319523,0,0.0,0.0,73.32,25.13,48.19
1543874421.0,-1,-1,0,0.0,0.0,71.97,25.16,46.81
1543874720.0,-1,-1,0,0.0,0.0,70.37,25.18,45.19
1543875020.0,-1,-1,2124,0.00925002,0.11100023999999999,70.37,25.19,45.18
1543875320.0,-1,-1,0,0.0,0.0,69.91,25.21,44.7
1543875619.0,-1,-1,0,0.0,0.0,69.21,25.22,43.99
1543875919.0,-1,-1,0,0.0,0.0,68.51,25.24,43.27
1543876218.0,-1,-1,3226,0.01404923,0.1691546086956522,68.51,25.25,43.26
1543876510.0,2,319525,0,0.0,0.0,67.8,25.27,42.53
1543876840.0,3,321237,0,0.0,0.0,69.91,25.28,44.63
1543877196.0,-1,-1,0,0.0,0.0,73.09,25.3,47.79
1543877496.0,-1,-1,0,0.0,0.0,73.32,25.31,48.01
1543877753.0,4,325346,0,0.0,0.0,72.87,25.33,47.54
1543878109.0,-1,-1,0,0.0,0.0,73.76,25.35,48.41
1543878409.0,-1,-1,0,0.0,0.0,71.06,25.38,45.68
1543878708.0,-1,-1,0,0.0,0.0,69.45,25.41,44.04
1543879008.0,-1,-1,3,1.3065e-05,0.00015678,69.68,25.44,44.24
1543879308.0,-1,-1,0,0.0,0.0,69.45,25.47,43.98
1543879607.0,-1,-1,0,0.0,0.0,68.98,25.5,43.48
1543879907.0,-1,-1,2104,0.00916292,0.10995504,68.28,25.53,42.75
1543880180.0,2,325346,0,0.0,0.0,68.51,25.56,42.95
1543880509.0,4,327058,0,0.0,0.0,69.91,25.59,44.32
1543880569.0,3,327325,0,0.0,0.0,69.45,25.6,43.85
1543880925.0,-1,-1,3063,0.013339364999999999,0.13489245505617978,72.19,25.63,46.56
1543881225.0,-1,-1,0,0.0,0.0,72.87,25.66,47.21
1543881447.0,4,331280,0,0.0,0.0,73.09,25.68,47.41
1543881805.0,-1,-1,0,0.0,0.0,71.29,25.66,45.63
1543882105.0,-1,-1,0,0.0,0.0,70.6,25.6,45.0
1543882404.0,-1,-1,0,0.0,0.0,70.83,25.54,45.29
1543882704.0,-1,-1,0,0.0,0.0,67.8,25.48,42.32
1543883004.0,-1,-1,0,0.0,0.0,68.75,25.42,43.33
1543883303.0,-1,-1,0,0.0,0.0,68.28,25.36,42.92
1543883499.0,2,331283,3,1.3065e-05,0.00023996938775510204,68.04,25.32,42.72
1543883855.0,-1,-1,0,0.0,0.0,70.6,25.25,45.35
1543883911.0,3,333409,0,0.0,0.0,71.06,25.24,45.82
1543884267.0,-1,-1,2137,0.009306634999999999,0.09411203932584268,72.19,25.17,47.02
1543884567.0,-1,-1,0,0.0,0.0,73.32,25.11,48.21
1543884808.0,4,337445,0,0.0,0.0,73.32,25.06,48.26
1543885163.0,-1,-1,0,0.0,0.0,71.29,24.99,46.3
1543885462.0,-1,-1,3054,0.01330017,0.1601358260869565,70.37,25.02,45.35
1543885762.0,-1,-1,0,0.0,0.0,69.21,25.06,44.15
1543886062.0,-1,-1,0,0.0,0.0,69.21,25.11,44.1
1543886362.0,-1,-1,0,0.0,0.0,67.8,25.15,42.65
1543886662.0,-1,-1,0,0.0,0.0,68.98,25.2,43.78
1543886872.0,2,337448,0,0.0,0.0,68.28,25.23,43.05
1543887231.0,-1,-1,0,0.0,0.0,69.91,25.28,44.63
1543887287.0,3,339586,0,0.0,0.0,71.52,25.29,46.23
1543887644.0,-1,-1,0,0.0,0.0,72.65,25.35,47.3
1543887944.0,-1,-1,0,0.0,0.0,73.32,25.39,47.93
1543888123.0,4,343347,1,4.355e-06,8.758659217877096e-05,73.98,25.42,48.56
1543888479.0,-1,-1,0,0.0,0.0,71.52,25.47,46.05
1543888779.0,-1,-1,0,0.0,0.0,70.37,25.52,44.85
1543889078.0,-1,-1,2124,0.00925002,0.11137147826086956,69.91,25.39,44.52
1543889378.0,-1,-1,0,0.0,0.0,69.21,25.26,43.95
1543889678.0,-1,-1,0,0.0,0.0,67.8,25.12,42.68
1543889978.0,-1,-1,0,0.0,0.0,68.04,24.99,43.05
1543890278.0,-1,-1,3011,0.013112905,0.15735485999999999,67.33,24.85,42.48
1543890335.0,2,343508,0,0.0,0.0,68.75,24.83,43.92
1543890691.0,-1,-1,0,0.0,0.0,71.06,24.67,46.39
1543890747.0,3,345633,0,0.0,0.0,71.74,24.64,47.1
1543891104.0,-1,-1,0,0.0,0.0,72.87,24.48,48.39
1543891403.0,-1,-1,0,0.0,0.0,72.65,24.35,48.3
1543891704.0,-1,-1,0,0.0,0.0,72.87,24.21,48.66
1543891760.0,4,350097,0,0.0,0.0,73.76,24.19,49.57
1543892117.0,-1,-1,0,0.0,0.0,71.97,24.03,47.94
1543892416.0,-1,-1,0,0.0,0.0,70.6,23.9,46.7
1543892716.0,-1,-1,0,0.0,0.0,69.68,23.85,45.83
1543893016.0,-1,-1,2124,0.00925002,0.11100023999999999,68.98,23.81,45.17
1543893316.0,-1,-1,0,0.0,0.0,68.98,23.76,45.22
1543893616.0,-1,-1,0,0.0,0.0,68.98,23.72,45.26
1543893916.0,-1,-1,2839,0.012363845,0.14836614,67.09,23.67,43.42
1543894039.0,2,350097,0,0.0,0.0,67.09,23.65,43.44
1543894369.0,4,351809,0,0.0,0.0,69.21,23.6,45.61
1543894426.0,3,352064,0,0.0,0.0,70.14,23.6,46.54
1543894783.0,-1,-1,0,0.0,0.0,71.74,23.54,48.2
1543895083.0,-1,-1,0,0.0,0.0,72.42,23.5,48.92
1543895382.0,-1,-1,0,0.0,0.0,73.54,23.45,50.09
1543895616.0,4,357420,0,0.0,0.0,73.09,23.42,49.67
1543895971.0,-1,-1,0,0.0,0.0,71.52,23.36,48.16
1543896271.0,-1,-1,0,0.0,0.0,71.06,23.32,47.74
1543896570.0,-1,-1,251,0.001093105,0.01316113043478261,69.21,23.27,45.94
1543896870.0,-1,-1,0,0.0,0.0,69.68,23.23,46.45
1543897170.0,-1,-1,1461,0.006362655,0.07635186,68.28,23.18,45.1
1543897469.0,-1,-1,0,0.0,0.0,68.51,23.14,45.37
1543897769.0,-1,-1,255,0.001110525,0.013326300000000001,67.33,23.09,44.24
1543897864.0,2,357422,0,0.0,0.0,68.98,23.08,45.9
1543898194.0,3,359134,0,0.0,0.0,70.37,23.03,47.34
1543898551.0,-1,-1,0,0.0,0.0,71.06,22.98,48.08
1543898851.0,-1,-1,3189,0.013888095,0.16665713999999998,71.29,22.93,48.36
1543899150.0,-1,-1,0,0.0,0.0,72.87,22.89,49.98
1543899451.0,-1,-1,0,0.0,0.0,72.42,22.84,49.58
1543899507.0,4,364827,0,0.0,0.0,73.76,22.83,50.93
1543903482.0,-1,-1,0,0.0,0.0,70.6,17.8,52.8
1543903781.0,-1,-1,0,0.0,0.0,70.37,17.44,52.93
1543904081.0,-1,-1,0,0.0,0.0,68.98,17.08,51.9
1543904380.0,-1,-1,0,0.0,0.0,69.21,16.72,52.49
1543904680.0,-1,-1,0,0.0,0.0,67.8,16.36,51.44
1543904867.0,2,372224,0,0.0,0.0,68.28,16.14,52.14
1543905196.0,4,373936,0,0.0,0.0,68.75,15.74,53.01
1543905253.0,3,374190,2148,0.00935454,0.590813052631579,70.6,15.68,54.92
1543905610.0,-1,-1,0,0.0,0.0,71.29,15.25,56.04
1543905910.0,-1,-1,0,0.0,0.0,71.97,14.89,57.08
1543906210.0,-1,-1,2883,0.012555465,0.15066558,72.19,14.53,57.66
1543906510.0,-1,-1,0,0.0,0.0,72.87,14.17,58.7
1543906810.0,-1,-1,0,0.0,0.0,72.42,13.81,58.61
1543907109.0,-1,-1,0,0.0,0.0,72.65,13.6,59.05
1543907302.0,4,383413,0,0.0,0.0,73.32,13.47,59.85
1543907658.0,-1,-1,0,0.0,0.0,69.45,13.22,56.23
1543907958.0,-1,-1,0,0.0,0.0,70.6,13.01,57.59
1543908257.0,-1,-1,0,0.0,0.0,68.98,12.8,56.18
1543908557.0,-1,-1,0,0.0,0.0,68.75,12.59,56.16
1543908856.0,-1,-1,3,1.3065e-05,0.00015730434782608695,67.33,12.38,54.95
1543908973.0,2,383415,0,0.0,0.0,68.51,12.3,56.21
1543909329.0,-1,-1,0,0.0,0.0,71.29,12.05,59.24
1543909385.0,3,385519,2103,0.009158565,0.5887648928571428,70.83,12.01,58.82
1543909742.0,-1,-1,0,0.0,0.0,71.97,11.76,60.21
1543910042.0,-1,-1,0,0.0,0.0,72.19,11.55,60.64
1543910342.0,-1,-1,0,0.0,0.0,71.52,11.34,60.18
1543910642.0,-1,-1,3137,0.013661635,0.16393962,73.09,11.38,61.71
1543910942.0,-1,-1,0,0.0,0.0,72.87,11.49,61.38
1543911242.0,-1,-1,0,0.0,0.0,72.42,11.59,60.83
1543911542.0,-1,-1,0,0.0,0.0,72.87,11.7,61.17
1543911841.0,-1,-1,0,0.0,0.0,72.19,11.8,60.39
1543912141.0,-1,-1,0,0.0,0.0,72.87,11.91,60.96
1543912441.0,-1,-1,0,0.0,0.0,73.09,12.01,61.08
1543912537.0,4,399705,0,0.0,0.0,72.65,12.05,60.6
1543912893.0,-1,-1,0,0.0,0.0,72.87,12.17,60.7
1543913194.0,-1,-1,0,0.0,0.0,69.45,12.28,57.17
1543913493.0,-1,-1,1,4.355e-06,5.243478260869565e-05,69.21,12.38,56.83
1543913793.0,-1,-1,0,0.0,0.0,70.14,12.49,57.65
1543914092.0,-1,-1,0,0.0,0.0,68.28,12.57,55.71
1543914392.0,-1,-1,2180,0.0094939,0.11392679999999998,67.33,12.6,54.73
1543914626.0,2,399708,0,0.0,0.0,67.8,12.62,55.18
1543914954.0,4,401416,0,0.0,0.0,69.21,12.66,56.55
1543915011.0,3,401671,0,0.0,0.0,69.91,12.66,57.25
1543915384.0,-1,-1,3804,0.01656642,0.15989038069705092,71.97,12.7,59.27
1543915684.0,-1,-1,0,0.0,0.0,71.74,12.73,59.01
1543915983.0,-1,-1,0,0.0,0.0,71.52,12.76,58.76
1543916283.0,-1,-1,0,0.0,0.0,72.87,12.79,60.08
1543916583.0,-1,-1,0,0.0,0.0,71.52,12.82,58.7
1543916883.0,-1,-1,0,0.0,0.0,71.97,12.85,59.12
1543917183.0,-1,-1,0,0.0,0.0,72.19,12.88,59.31
1543917483.0,-1,-1,0,0.0,0.0,73.09,12.91,60.18
1543917783.0,-1,-1,0,0.0,0.0,73.09,12.82,60.27
1543917839.0,4,414291,6,2.613e-05,0.0016797857142857142,73.32,12.79,60.53
1543918196.0,-1,-1,0,0.0,0.0,72.65,12.59,60.06
1543918496.0,-1,-1,0,0.0,0.0,70.6,12.43,58.17
1543918795.0,-1,-1,2136,0.00930228,0.1120006956521739,69.91,12.26,57.65
1543919095.0,-1,-1,0,0.0,0.0,69.21,12.1,57.11
1543919394.0,-1,-1,0,0.0,0.0,68.04,11.93,56.11
1543919694.0,-1,-1,0,0.0,0.0,68.28,11.77,56.51
1543919947.0,2,414293,3018,0.01314339,0.18702056916996046,68.98,11.63,57.35
1543920277.0,3,416005,0,0.0,0.0,69.68,11.45,58.23
1543920634.0,-1,-1,0,0.0,0.0,72.65,11.25,61.4
1543920934.0,-1,-1,0,0.0,0.0,72.19,11.09,61.1
1543921233.0,-1,-1,0,0.0,0.0,72.19,10.93,61.26
1543921533.0,-1,-1,0,0.0,0.0,72.42,10.87,61.55
1543921833.0,-1,-1,0,0.0,0.0,71.52,10.81,60.71
1543922133.0,-1,-1,0,0.0,0.0,72.19,10.75,61.44
1543922433.0,-1,-1,0,0.0,0.0,72.42,10.69,61.73
1543922733.0,-1,-1,2,8.71e-06,0.00010452,72.65,10.63,62.02
1543923032.0,-1,-1,0,0.0,0.0,71.97,10.57,61.4
1543923332.0,-1,-1,1712,0.00745576,0.08946912,73.54,10.51,63.03
1543923429.0,4,430194,0,0.0,0.0,72.42,10.49,61.93
1543923786.0,-1,-1,0,0.0,0.0,71.97,10.42,61.55
1543924086.0,-1,-1,0,0.0,0.0,71.52,10.36,61.16
1543924386.0,-1,-1,4109,0.017894695,0.21473633999999997,69.45,10.3,59.15
1543924685.0,-1,-1,0,0.0,0.0,68.28,10.24,58.04
1543924985.0,-1,-1,0,0.0,0.0,69.21,10.2,59.01
1543925285.0,-1,-1,0,0.0,0.0,68.04,10.17,57.87
1543925547.0,2,430194,0,0.0,0.0,68.51,10.15,58.36
1543925877.0,3,431907,0,0.0,0.0,69.45,10.11,59.34
1543926233.0,-1,-1,0,0.0,0.0,72.19,10.08,62.11
1543926533.0,-1,-1,0,0.0,0.0,72.42,10.05,62.37
1543926833.0,-1,-1,0,0.0,0.0,70.83,10.02,60.81
1543927132.0,-1,-1,0,0.0,0.0,71.52,9.99,61.53
1543927432.0,-1,-1,1712,0.00745576,0.08946912,72.87,9.96,62.91
1543927732.0,-1,-1,0,0.0,0.0,71.29,9.93,61.36
1543928032.0,-1,-1,267,0.001162785,0.01395342,72.87,9.9,62.97
1543928331.0,-1,-1,0,0.0,0.0,71.97,9.87,62.1
1543928631.0,-1,-1,0,0.0,0.0,73.98,9.83,64.15
1543928931.0,-1,-1,0,0.0,0.0,73.09,9.78,63.31
1543928987.0,4,445684,3955,0.017224025,1.10725875,72.87,9.77,63.1
1543929344.0,-1,-1,0,0.0,0.0,70.37,9.72,60.65
1543929643.0,-1,-1,0,0.0,0.0,69.91,9.67,60.24
1543929943.0,-1,-1,0,0.0,0.0,70.37,9.63,60.74
1543930243.0,-1,-1,0,0.0,0.0,68.75,9.58,59.17
1543930542.0,-1,-1,0,0.0,0.0,67.8,9.54,58.26
1543930815.0,2,445686,0,0.0,0.0,68.28,9.5,58.78
1543931144.0,3,447398,0,0.0,0.0,69.45,9.45,60.0
1543931501.0,-1,-1,3,1.3065e-05,0.00013174789915966386,71.74,9.39,62.35
1543931801.0,-1,-1,0,0.0,0.0,71.06,9.35,61.71
1543932101.0,-1,-1,0,0.0,0.0,73.32,9.27,64.05
1543932400.0,-1,-1,2126,0.00925873,0.11147634782608697,71.97,9.12,62.85
1543932700.0,-1,-1,0,0.0,0.0,71.52,8.97,62.55
1543933000.0,-1,-1,0,0.0,0.0,71.52,8.82,62.7
1543933300.0,-1,-1,0,0.0,0.0,71.74,8.67,63.07
1543933600.0,-1,-1,4036,0.01757678,0.21092136,71.97,8.52,63.45
1543933899.0,-1,-1,0,0.0,0.0,72.87,8.37,64.5
1543934199.0,-1,-1,0,0.0,0.0,72.87,8.22,64.65
1543934309.0,4,461642,0,0.0,0.0,74.21,8.17,66.04
1543934665.0,-1,-1,0,0.0,0.0,70.83,7.99,62.84
1543934965.0,-1,-1,0,0.0,0.0,69.68,7.84,61.84
1543935264.0,-1,-1,0,0.0,0.0,69.21,7.69,61.52
1543935564.0,-1,-1,0,0.0,0.0,69.68,7.54,62.14
1543935864.0,-1,-1,3,1.3065e-05,0.00015678,68.75,7.44,61.31
1543936163.0,-1,-1,0,0.0,0.0,68.51,7.35,61.16
1543936220.0,2,461688,0,0.0,0.0,68.98,7.33,61.65
1543936541.0,3,463356,2138,0.00931099,0.10442231775700934,69.91,7.24,62.67
1543936898.0,-1,-1,0,0.0,0.0,70.37,7.13,63.24
1543937198.0,-1,-1,0,0.0,0.0,71.74,7.04,64.7
1543937497.0,-1,-1,0,0.0,0.0,71.97,6.95,65.02
1543937797.0,-1,-1,3761,0.016379155,0.19654986,71.74,6.86,64.88
1543938097.0,-1,-1,0,0.0,0.0,71.06,6.77,64.29
1543938397.0,-1,-1,0,0.0,0.0,71.74,6.68,65.06
1543938696.0,-1,-1,0,0.0,0.0,72.87,6.59,66.28
1543938996.0,-1,-1,0,0.0,0.0,71.74,6.5,65.24
1543939296.0,-1,-1,0,0.0,0.0,72.87,6.47,66.4
1543939595.0,-1,-1,0,0.0,0.0,73.09,6.56,66.53
1543939652.0,4,477339,0,0.0,0.0,73.54,6.58,66.96
1543940008.0,-1,-1,0,0.0,0.0,71.97,6.68,65.29
1543940308.0,-1,-1,161,0.000701155,0.008413859999999999,70.37,6.77,63.6
1543940608.0,-1,-1,0,0.0,0.0,69.68,6.86,62.82
1543940907.0,-1,-1,0,0.0,0.0,69.68,6.95,62.73
1543941207.0,-1,-1,2125,0.009254375,0.11105250000000001,69.91,7.04,62.87
1543941506.0,-1,-1,0,0.0,0.0,67.09,7.13,59.96
1543941791.0,2,477340,0,0.0,0.0,68.28,7.22,61.06
1543942147.0,-1,-1,0,0.0,0.0,70.37,7.32,63.05
1543942203.0,3,479444,0,0.0,0.0,69.45,7.34,62.11
1543942560.0,-1,-1,4464,0.019440719999999998,0.1960408739495798,71.97,7.45,64.52
1543942860.0,-1,-1,0,0.0,0.0,71.74,7.53,64.21
1543943160.0,-1,-1,0,0.0,0.0,71.06,7.56,63.5
1543943459.0,-1,-1,0,0.0,0.0,71.74,7.59,64.15
1543943759.0,-1,-1,0,0.0,0.0,71.74,7.62,64.12
1543944059.0,-1,-1,0,0.0,0.0,72.19,7.65,64.54
1543944358.0,-1,-1,0,0.0,0.0,72.65,7.68,64.97
1543944658.0,-1,-1,0,0.0,0.0,73.54,7.71,65.83
1543944958.0,-1,-1,0,0.0,0.0,74.21,7.74,66.47
1543945146.0,4,492690,0,0.0,0.0,73.09,7.75,65.34
1543945503.0,-1,-1,1712,0.00745576,0.07518413445378151,71.74,7.79,63.95
1543945802.0,-1,-1,0,0.0,0.0,69.91,7.82,62.09
1543946102.0,-1,-1,255,0.001110525,0.013326300000000001,69.21,7.85,61.36
1543946401.0,-1,-1,0,0.0,0.0,68.98,7.88,61.1
1543946701.0,-1,-1,0,0.0,0.0,68.98,7.73,61.25
1543947001.0,-1,-1,0,0.0,0.0,68.75,7.58,61.17
1543947110.0,2,492693,0,0.0,0.0,68.04,7.53,60.51
1543947466.0,-1,-1,5356,0.02332538,0.23587462921348315,69.91,7.35,62.56
1543947541.0,3,494922,0,0.0,0.0,71.52,7.31,64.21
1543947897.0,-1,-1,0,0.0,0.0,72.42,7.13,65.29
1543948197.0,-1,-1,0,0.0,0.0,72.19,6.98,65.21
1543948497.0,-1,-1,0,0.0,0.0,72.42,6.83,65.59
1543948797.0,-1,-1,0,0.0,0.0,71.74,6.68,65.06
1543949097.0,-1,-1,0,0.0,0.0,71.74,6.53,65.21
1543949396.0,-1,-1,0,0.0,0.0,72.65,6.38,66.27
1543949696.0,-1,-1,0,0.0,0.0,72.42,6.23,66.19
1543949996.0,-1,-1,2,8.71e-06,0.00010452,72.87,6.08,66.79
1543950052.0,4,506167,0,0.0,0.0,73.76,6.09,67.67
1543950409.0,-1,-1,1712,0.00745576,0.07518413445378151,71.06,6.18,64.88
1543950708.0,-1,-1,0,0.0,0.0,70.6,6.26,64.34
1543951008.0,-1,-1,0,0.0,0.0,69.91,6.33,63.58
1543951308.0,-1,-1,0,0.0,0.0,69.45,6.41,63.04
1543951608.0,-1,-1,0,0.0,0.0,68.98,6.48,62.5
1543951908.0,-1,-1,0,0.0,0.0,67.8,6.56,61.24
1543952207.0,-1,-1,5693,0.024793014999999998,0.2985112173913043,68.75,6.63,62.12
1543952316.0,2,506170,0,0.0,0.0,66.37,6.66,59.71
1543952674.0,-1,-1,0,0.0,0.0,71.74,6.75,64.99
1543952731.0,3,508309,0,0.0,0.0,71.74,6.76,64.98
1543953086.0,-1,-1,0,0.0,0.0,72.87,6.85,66.02
1543953386.0,-1,-1,0,0.0,0.0,71.52,6.93,64.59
1550686725.0,2,546261,0,0.0,0.0,71.52,-2.6,74.12
1550686948.0,3,547423,7397,0.032213935,0.5200455874439461,71.74,-2.29,74.03
1550687163.0,4,548389,0,0.0,0.0,71.52,-1.99,73.51
1550687505.0,-1,-1,1712,0.00745576,0.07848168421052631,71.74,-1.51,73.25
1550687805.0,-1,-1,0,0.0,0.0,69.91,-1.09,71.0
1550688105.0,-1,-1,254,0.0011061699999999999,0.013274039999999999,68.51,-0.67,69.18
1550688405.0,-1,-1,0,0.0,0.0,68.75,-0.25,69.0
1550688704.0,-1,-1,0,0.0,0.0,67.8,0.17,67.63
1550689004.0,-1,-1,0,0.0,0.0,67.8,0.59,67.21
1550689046.0,2,548502,0,0.0,0.0,68.04,0.64,67.4
1550689355.0,3,550107,0,0.0,0.0,70.14,1.26,68.88
1550689697.0,-1,-1,0,0.0,0.0,71.06,2.15,68.91
1550689996.0,-1,-1,0,0.0,0.0,72.65,2.93,69.72
1550690296.0,-1,-1,9223,0.040166165,0.48199398,71.52,3.71,67.81
1550690596.0,-1,-1,0,0.0,0.0,72.42,4.49,67.93
1550690896.0,-1,-1,0,0.0,0.0,71.29,5.27,66.02
1550691031.0,4,557652,0,0.0,0.0,72.65,5.62,67.03
1550691373.0,-1,-1,0,0.0,0.0,71.29,6.51,64.78
1550691673.0,-1,-1,0,0.0,0.0,71.06,7.29,63.77
1550691973.0,-1,-1,0,0.0,0.0,69.68,8.07,61.61
1550692273.0,-1,-1,2,8.71e-06,0.00010452,67.09,8.85,58.24
1550692573.0,-1,-1,0,0.0,0.0,68.75,9.63,59.12
1550692992.0,2,557924,0,0.0,0.0,68.28,10.45,57.83
1550693300.0,3,559523,2104,0.00916292,0.10709906493506494,68.75,10.82,57.93
1550693644.0,-1,-1,0,0.0,0.0,71.52,11.23,60.29
1550693944.0,-1,-1,0,0.0,0.0,71.06,11.59,59.47
1550694244.0,-1,-1,0,0.0,0.0,71.06,11.95,59.11
1550694544.0,-1,-1,0,0.0,0.0,73.09,12.31,60.78
1550694844.0,-1,-1,0,0.0,0.0,71.97,12.67,59.3
1550695097.0,4,567609,0,0.0,0.0,73.32,12.98,60.34
1550695439.0,-1,-1,0,0.0,0.0,70.83,13.39,57.44
1550695738.0,-1,-1,0,0.0,0.0,69.68,13.75,55.93
1550696038.0,-1,-1,0,0.0,0.0,68.04,14.11,53.93
1550696338.0,-1,-1,0,0.0,0.0,68.75,14.47,54.28
1550696638.0,-1,-1,0,0.0,0.0,67.09,14.77,52.32
1550696759.0,2,567611,14186,0.06178003,1.8380835371900826,65.89,14.88,51.01
1550697117.0,-1,-1,0,0.0,0.0,69.45,15.22,54.23
1550697175.0,3,569734,0,0.0,0.0,68.98,15.28,53.7
1550697531.0,-1,-1,0,0.0,0.0,70.37,15.61,54.76
1550697831.0,-1,-1,0,0.0,0.0,69.91,15.9,54.01
1550698131.0,-1,-1,0,0.0,0.0,71.29,16.18,55.11
1550698432.0,-1,-1,0,0.0,0.0,71.74,16.47,55.27
1550698732.0,-1,-1,0,0.0,0.0,72.65,16.76,55.89
1550699032.0,-1,-1,3,1.3065e-05,0.00015678,72.87,17.04,55.83
1550699132.0,4,578543,0,0.0,0.0,72.87,17.14,55.73
1550699474.0,-1,-1,1708,0.00743834,0.07829831578947369,71.52,17.46,54.06
1550699774.0,-1,-1,0,0.0,0.0,70.37,17.75,52.62
1550700074.0,-1,-1,255,0.001110525,0.013326300000000001,69.21,17.96,51.25
1550700374.0,-1,-1,0,0.0,0.0,68.28,17.96,50.32
1550700674.0,-1,-1,0,0.0,0.0,68.51,17.96,50.55
1550700936.0,2,578566,0,0.0,0.0,66.85,17.96,48.89
1550701277.0,-1,-1,0,0.0,0.0,68.51,17.96,50.55
1550701355.0,3,580744,0,0.0,0.0,70.6,17.96,52.64
1550701701.0,-1,-1,0,0.0,0.0,70.14,17.96,52.18
1550702001.0,-1,-1,0,0.0,0.0,71.06,17.96,53.1
1550702301.0,-1,-1,0,0.0,0.0,72.19,17.96,54.23
1550702601.0,-1,-1,0,0.0,0.0,72.42,17.96,54.46
1550702901.0,-1,-1,0,0.0,0.0,71.97,17.96,54.01
1550703201.0,-1,-1,12620,0.0549601,0.6595212,72.87,17.96,54.91
1550703501.0,-1,-1,0,0.0,0.0,73.09,17.96,55.13
1550703801.0,-1,-1,0,0.0,0.0,72.42,18.01,54.41
1550704101.0,-1,-1,0,0.0,0.0,71.29,18.09,53.2
1550704294.0,4,593975,0,0.0,0.0,72.19,18.13,54.06
1550704652.0,-1,-1,0,0.0,0.0,70.37,18.22,52.15
1550704952.0,-1,-1,0,0.0,0.0,71.52,18.3,53.22
1550705252.0,-1,-1,0,0.0,0.0,69.68,18.37,51.31
1550705551.0,-1,-1,2,8.71e-06,0.0001048695652173913,69.91,18.45,51.46
1550705852.0,-1,-1,0,0.0,0.0,67.8,18.52,49.28
1550706151.0,-1,-1,1712,0.00745576,0.08976834782608696,67.8,18.6,49.2
1550706191.0,2,594081,0,0.0,0.0,68.75,18.61,50.14
1550706531.0,4,595843,0,0.0,0.0,68.98,18.69,50.29
1550706588.0,3,596102,0,0.0,0.0,69.68,18.71,50.97
1550706928.0,-1,-1,0,0.0,0.0,71.29,18.79,52.5
1550707528.0,-1,-1,0,0.0,0.0,70.37,18.65,51.72
1550707828.0,-1,-1,0,0.0,0.0,71.97,18.45,53.52
1550708128.0,-1,-1,0,0.0,0.0,71.52,18.26,53.26
1550708428.0,-1,-1,0,0.0,0.0,71.06,18.06,53.0
1550708728.0,-1,-1,0,0.0,0.0,70.6,17.87,52.73
1550709028.0,-1,-1,0,0.0,0.0,73.32,17.67,55.65
1550709328.0,-1,-1,0,0.0,0.0,72.65,17.48,55.17
1550709628.0,-1,-1,14189,0.061793095,0.7415171399999999,72.65,17.28,55.37
1550709928.0,-1,-1,0,0.0,0.0,73.32,17.09,56.23
1550710228.0,-1,-1,0,0.0,0.0,73.98,16.89,57.09
1550710285.0,4,612744,0,0.0,0.0,73.32,16.85,56.47
1550710641.0,-1,-1,0,0.0,0.0,71.74,16.62,55.12
1550710942.0,-1,-1,0,0.0,0.0,70.37,16.43,53.94
1550711242.0,-1,-1,0,0.0,0.0,69.45,16.23,53.22
1550711541.0,-1,-1,0,0.0,0.0,68.98,16.04,52.94
1550711841.0,-1,-1,0,0.0,0.0,67.57,15.84,51.73
1550712142.0,-1,-1,1713,0.007460115,0.08922396677740864,68.04,15.65,52.39
1550712212.0,2,612745,0,0.0,0.0,67.57,15.6,51.97
1550712554.0,-1,-1,0,0.0,0.0,69.45,15.38,54.07
1550712602.0,3,614770,0,0.0,0.0,70.37,15.35,55.02
1550712960.0,-1,-1,0,0.0,0.0,70.83,15.12,55.71
1550713260.0,-1,-1,0,0.0,0.0,71.06,14.92,56.14
1550713560.0,-1,-1,0,0.0,0.0,70.6,14.73,55.87
1550713860.0,-1,-1,0,0.0,0.0,71.52,14.53,56.99
1550714160.0,-1,-1,0,0.0,0.0,71.52,14.34,57.18
1550714460.0,-1,-1,0,0.0,0.0,72.65,14.14,58.51
1550714760.0,-1,-1,0,0.0,0.0,69.91,13.95,55.96
1550715060.0,-1,-1,0,0.0,0.0,72.42,13.75,58.67
1550715360.0,-1,-1,13777,0.059998835,0.71998602,71.06,13.56,57.5
1550715660.0,-1,-1,0,0.0,0.0,72.19,13.36,58.83
1550715960.0,-1,-1,0,0.0,0.0,72.19,13.17,59.02
1550716260.0,-1,-1,0,0.0,0.0,73.76,12.97,60.79
1550716560.0,-1,-1,0,0.0,0.0,73.32,12.78,60.54
1550716860.0,-1,-1,0,0.0,0.0,72.42,12.58,59.84
1550716990.0,4,634521,0,0.0,0.0,73.09,12.5,60.59
1550717330.0,-1,-1,2,8.71e-06,9.22235294117647e-05,72.42,12.28,60.14
1550717630.0,-1,-1,0,0.0,0.0,69.91,12.08,57.83
1550717930.0,-1,-1,1712,0.00745576,0.08946912,69.21,11.89,57.32
1550718230.0,-1,-1,0,0.0,0.0,69.21,11.71,57.5
1550718530.0,-1,-1,0,0.0,0.0,67.8,11.55,56.25
1550718822.0,2,634522,0,0.0,0.0,67.8,11.39,56.41
1550719164.0,-1,-1,0,0.0,0.0,68.51,11.2,57.31
1550719221.0,3,636566,0,0.0,0.0,70.14,11.17,58.97
1550719563.0,-1,-1,0,0.0,0.0,71.29,10.98,60.31
1550719863.0,-1,-1,0,0.0,0.0,71.74,10.82,60.92
1550720163.0,-1,-1,0,0.0,0.0,71.29,10.65,60.64
1550720463.0,-1,-1,0,0.0,0.0,72.42,10.49,61.93
1550720763.0,-1,-1,0,0.0,0.0,71.52,10.32,61.2
1550721063.0,-1,-1,0,0.0,0.0,71.29,10.16,61.13
1550721363.0,-1,-1,14244,0.06203262,0.74439144,71.06,9.99,61.07
1550721663.0,-1,-1,0,0.0,0.0,71.74,9.81,61.93
1550721963.0,-1,-1,0,0.0,0.0,71.52,9.57,61.95
1550722263.0,-1,-1,0,0.0,0.0,72.87,9.33,63.54
1550722564.0,-1,-1,0,0.0,0.0,71.29,9.09,62.2
1550722864.0,-1,-1,0,0.0,0.0,72.42,8.85,63.57
1550723164.0,-1,-1,0,0.0,0.0,72.19,8.61,63.58
1550723464.0,-1,-1,0,0.0,0.0,71.29,8.37,62.92
1550723764.0,-1,-1,46,0.00020033,0.00240396,71.52,8.13,63.39
1550724064.0,-1,-1,0,0.0,0.0,72.87,7.89,64.98
1550724364.0,-1,-1,1668,0.00726414,0.08716968,72.65,7.65,65.0
1550724664.0,-1,-1,0,0.0,0.0,72.87,7.41,65.46
1550724797.0,4,661666,0,0.0,0.0,72.65,7.3,65.35
1550725142.0,-1,-1,0,0.0,0.0,70.6,7.03,63.57
1550725442.0,-1,-1,0,0.0,0.0,68.28,6.71,61.57
1550725742.0,-1,-1,0,0.0,0.0,67.8,6.38,61.42
1550726042.0,-1,-1,0,0.0,0.0,67.57,6.05,61.52
1550726342.0,-1,-1,0,0.0,0.0,67.57,5.72,61.85
1550726384.0,2,661669,0,0.0,0.0,67.09,5.68,61.41
1550726725.0,-1,-1,0,0.0,0.0,69.21,5.3,63.91
1550726774.0,4,663694,0,0.0,0.0,70.14,5.25,64.89
1550726816.0,3,663882,0,0.0,0.0,69.91,5.2,64.71
1550727158.0,-1,-1,13983,0.060895964999999996,0.6410101578947368,70.6,4.83,65.77
1550727458.0,-1,-1,0,0.0,0.0,70.6,4.5,66.1
1550727631.0,4,667549,0,0.0,0.0,71.06,4.31,66.75
1550727973.0,-1,-1,0,0.0,0.0,71.06,3.93,67.13
1550728273.0,-1,-1,0,0.0,0.0,68.04,3.6,64.44
1550728573.0,-1,-1,0,0.0,0.0,68.28,3.27,65.01
1550728873.0,-1,-1,0,0.0,0.0,66.37,2.95,63.42
1550729173.0,-1,-1,0,0.0,0.0,67.33,2.67,64.66
1550729474.0,-1,-1,1,4.355e-06,5.208637873754152e-05,66.61,2.38,64.23
1550729774.0,-1,-1,0,0.0,0.0,65.4,2.09,63.31
1550730074.0,-1,-1,0,0.0,0.0,65.16,1.81,63.35
1550730373.0,-1,-1,2104,0.00916292,0.11032278260869566,65.4,1.53,63.87
1550730674.0,-1,-1,0,0.0,0.0,64.67,1.24,63.43
1550730974.0,-1,-1,0,0.0,0.0,63.93,0.95,62.98
1550731274.0,-1,-1,0,0.0,0.0,64.18,0.67,63.51
1550731574.0,-1,-1,0,0.0,0.0,64.43,0.38,64.05
1550731874.0,-1,-1,0,0.0,0.0,64.18,0.1,64.08
1550732174.0,-1,-1,0,0.0,0.0,64.18,-0.19,64.37
1550732474.0,-1,-1,0,0.0,0.0,63.44,-0.35,63.79
1550732775.0,-1,-1,0,0.0,0.0,63.69,-0.14,63.83
1550733075.0,-1,-1,0,0.0,0.0,62.94,0.07,62.87
1550733375.0,-1,-1,0,0.0,0.0,63.93,0.28,63.65
1550733676.0,-1,-1,13246,0.057686329999999994,0.689936172757475,63.19,0.49,62.7
1550733976.0,-1,-1,0,0.0,0.0,63.19,0.7,62.49
1550734276.0,-1,-1,0,0.0,0.0,62.94,0.91,62.03
1550734576.0,-1,-1,0,0.0,0.0,63.19,1.12,62.07
1550734876.0,-1,-1,0,0.0,0.0,62.69,1.33,61.36
1550735177.0,-1,-1,0,0.0,0.0,61.67,1.54,60.13
1550735216.0,2,667603,0,0.0,0.0,62.18,1.57,60.61
1550735476.0,4,668954,0,0.0,0.0,65.65,1.75,63.9
1550735532.0,0,669382,3,1.3065e-05,0.0008398928571428571,65.65,1.79,63.86
1550735891.0,-1,-1,0,0.0,0.0,72.87,2.04,70.83
1550735976.0,1,674021,0,0.0,0.0,71.06,2.1,68.96
1550736066.0,2,674752,2229,0.009707295,0.38829179999999996,72.65,2.16,70.49
1550736121.0,3,675023,0,0.0,0.0,71.74,2.2,69.54
1550736467.0,-1,-1,0,0.0,0.0,70.14,2.42,67.72
1550736563.0,4,677012,0,0.0,0.0,70.37,2.49,67.88
1550736905.0,-1,-1,0,0.0,0.0,67.09,2.71,64.38
1550737175.0,2,677017,0,0.0,0.0,68.51,2.88,65.63
1550737295.0,4,677641,0,0.0,0.0,71.74,2.96,68.78
1550737635.0,-1,-1,0,0.0,0.0,69.68,3.18,66.5
1550737935.0,-1,-1,0,0.0,0.0,65.4,3.38,62.02
1550738235.0,-1,-1,0,0.0,0.0,65.4,3.57,61.83
1550738535.0,-1,-1,11245,0.048971975,0.5876637,64.67,3.77,60.9
1550738835.0,-1,-1,0,0.0,0.0,64.43,3.96,60.47
1550739135.0,-1,-1,0,0.0,0.0,64.43,4.16,60.27
1550739435.0,-1,-1,0,0.0,0.0,64.43,4.35,60.08
1550739735.0,-1,-1,0,0.0,0.0,64.92,4.43,60.49
1550740036.0,-1,-1,0,0.0,0.0,63.19,4.37,58.82
1550740336.0,-1,-1,0,0.0,0.0,63.44,4.31,59.13
1550740636.0,-1,-1,0,0.0,0.0,62.43,4.25,58.18
1550740936.0,-1,-1,0,0.0,0.0,64.18,4.19,59.99
1550741236.0,-1,-1,3,1.3065e-05,0.00015678,61.93,4.13,57.8
1550741536.0,-1,-1,0,0.0,0.0,62.18,4.07,58.11
1550741836.0,-1,-1,0,0.0,0.0,62.43,4.01,58.42
1550742136.0,-1,-1,2139,0.009315345,0.11178413999999998,62.69,3.95,58.74
1550742436.0,-1,-1,0,0.0,0.0,61.42,3.89,57.53
1550742737.0,-1,-1,0,0.0,0.0,62.43,3.83,58.6
1550743037.0,-1,-1,0,0.0,0.0,62.43,3.77,58.66
1550743338.0,-1,-1,37952,0.16528096,1.9767822458471762,62.43,3.58,58.85
1550743638.0,-1,-1,0,0.0,0.0,60.9,3.24,57.66
1550743938.0,-1,-1,1162,0.00506051,0.060726119999999995,61.16,2.89,58.27
1550744239.0,-1,-1,0,0.0,0.0,61.42,2.55,58.87
1550744539.0,-1,-1,966,0.00420693,0.050483160000000006,61.16,2.2,58.96
1550744840.0,-1,-1,0,0.0,0.0,62.18,1.85,60.33
1550745140.0,-1,-1,0,0.0,0.0,61.16,1.51,59.65
1550745440.0,-1,-1,0,0.0,0.0,60.9,1.16,59.74
1550745740.0,-1,-1,0,0.0,0.0,60.64,0.82,59.82
1550746040.0,-1,-1,0,0.0,0.0,62.18,0.47,61.71
1550746341.0,-1,-1,0,0.0,0.0,61.67,0.13,61.54
1550746641.0,-1,-1,0,0.0,0.0,61.67,-0.22,61.89
1550746942.0,-1,-1,113,0.000492115,0.005885760797342193,61.16,-0.55,61.71
1550747242.0,-1,-1,0,0.0,0.0,61.67,-0.86,62.53
1550747542.0,-1,-1,1605,0.006989774999999999,0.0838773,61.42,-1.18,62.6
1550747843.0,-1,-1,0,0.0,0.0,61.67,-1.5,63.17
1550748143.0,-1,-1,0,0.0,0.0,60.9,-1.81,62.71
1550748443.0,-1,-1,0,0.0,0.0,62.43,-2.13,64.56
1550748744.0,-1,-1,0,0.0,0.0,61.93,-2.44,64.37
1550749044.0,-1,-1,0,0.0,0.0,61.67,-2.76,64.43
1550749344.0,-1,-1,0,0.0,0.0,61.16,-3.07,64.23
1550749645.0,-1,-1,7545,0.032858475,0.3929917275747508,61.93,-3.39,65.32
1550749945.0,-1,-1,0,0.0,0.0,60.39,-3.7,64.09
1550750245.0,-1,-1,0,0.0,0.0,61.16,-4.02,65.18
1550750623.0,-1,-1,0,0.0,0.0,61.67,-4.18,65.85
