Stove Type,M422,Latitude,64.8601,Longitude,-147.895,,,
Timestamp of each PUMA device reading,State of the stove when powered on; depends on the stove type the PuMA device is attached to,Number of cumulative clicks since PuMA installation the fuel pump solenoid makes when the stove turns on,Indoor temperature read by the thermistor monitored by the PUMA device,Outdoor temperature interpolated using area temperature data from Snotel,Temperature difference between the indoor and outdoor temperatures
"Time since 1970, 1, 1, 00:00:00 UTC (Unix time)",Integer units corresponding to power states; -1 indicates powered off,Number of cumulative clicks; -1 indicates stove powered off,F,F,F
1544032340.0,1,360,73.32,18.76,54.56
1544032402.0,0,871,82.72,18.8,63.92
1544032512.0,4,2017,70.37,18.87,51.5
1544032568.0,3,2272,66.61,18.9,47.71
1544050089.0,4,80817,71.74,22.32,49.42
1544070910.0,2,80818,57.21,16.66,40.55
1544071330.0,4,82994,58.28,16.72,41.56
1544071386.0,3,83250,58.55,16.73,41.82
1544084112.0,4,140271,68.75,15.57,53.18
1544108731.0,2,140274,56.39,14.48,41.91
1544109090.0,4,142137,56.94,14.6,42.34
1544109163.0,3,142464,58.02,14.63,43.39
1548437187.0,4,197033,59.08,25.33,33.75
1548441946.0,2,197034,55.01,26.93,28.08
1548442359.0,3,199162,55.01,27.03,27.98
1548443172.0,4,202816,57.75,27.16,30.59
1548484431.0,4,202816,58.82,32.18,26.64
1548484805.0,2,202817,58.28,32.18,26.1
1548485104.0,1,204371,58.82,32.18,26.64
1548485176.0,0,205053,59.6,32.18,27.42
1548485344.0,1,206806,60.64,32.18,28.46
1548485434.0,2,207535,60.9,32.18,28.72
1548485491.0,3,207811,61.67,32.18,29.49
1548487165.0,4,215338,63.44,31.66,31.78
1548490741.0,2,215340,59.6,29.25,30.35
1548491070.0,3,217051,60.9,28.87,32.03
1548492701.0,4,224314,63.44,26.99,36.45
1548496206.0,2,224316,60.39,26.42,33.97
1548496636.0,3,226495,61.16,26.42,34.74
1548498184.0,4,233458,63.69,25.87,37.82
1548499005.0,2,233459,63.44,25.54,37.9
1548499305.0,1,235014,63.93,25.42,38.51
1548499361.0,0,235529,63.44,25.4,38.04
1548499515.0,1,237137,64.92,25.33,39.59
1548499575.0,2,237623,64.43,25.31,39.12
1548499647.0,3,237968,65.16,25.28,39.88
1548503816.0,4,256713,67.57,23.44,44.13
1548506590.0,2,256717,64.43,22.84,41.59
1548507035.0,3,258988,64.43,22.75,41.68
1548509661.0,4,270794,67.33,23.05,44.28
1548512497.0,2,270797,63.69,23.49,40.2
1548512857.0,4,272664,65.16,23.53,41.63
1548512929.0,3,272990,64.92,23.53,41.39
1548515761.0,4,285430,67.33,23.96,43.37
1548518684.0,2,285431,63.93,24.63,39.3
1548519133.0,4,287763,65.16,24.66,40.5
1548519190.0,3,288019,65.4,24.66,40.74
1548521332.0,4,297648,67.57,24.77,42.8
1548524586.0,2,297649,63.44,24.54,38.9
1548524916.0,3,299362,64.67,24.51,40.16
1548526893.0,4,308247,67.09,23.21,43.88
1548529922.0,2,308249,63.93,20.66,43.27
1548530335.0,3,310377,64.92,20.45,44.47
1548532304.0,4,319228,68.04,19.47,48.57
1548535149.0,2,319386,64.43,18.87,45.56
1548535562.0,3,321514,64.43,18.81,45.62
1548537933.0,4,332174,67.33,19.22,48.11
1548540598.0,2,332176,63.19,19.76,43.43
1548541011.0,3,334283,65.16,19.64,45.52
1548543129.0,4,343807,67.8,19.0,48.8
1548545962.0,2,343971,63.69,18.27,45.42
1548546290.0,4,345674,64.67,18.19,46.48
1548546363.0,3,346001,65.65,18.17,47.48
1548546622.0,4,347166,65.4,18.1,47.3
1548552060.0,2,347166,61.16,16.0,45.16
1548552505.0,3,349438,61.67,15.69,45.98
1548553421.0,4,353554,63.19,15.05,48.14
1548556937.0,2,353559,60.13,10.43,49.7
1548557382.0,3,355852,61.42,9.74,51.68
1548558696.0,4,361583,63.44,8.68,54.76
1548562223.0,2,361583,60.64,8.05,52.59
1548562553.0,3,363295,60.39,7.95,52.44
1548563915.0,4,369419,63.93,7.55,56.38
1548567139.0,2,369423,60.9,6.48,54.42
1548567468.0,4,371130,61.16,6.37,54.79
1548567524.0,3,371385,61.67,6.35,55.32
1548569254.0,4,379163,64.18,5.95,58.23
1548572572.0,2,379163,60.64,6.38,54.26
1548572902.0,4,380871,60.64,6.61,54.03
1548572974.0,3,381197,61.16,6.66,54.5
1548574742.0,4,389148,63.93,7.9,56.03
1548577973.0,2,389461,60.39,9.57,50.82
1548578272.0,3,391015,60.9,9.69,51.21
1548580227.0,4,399803,64.18,10.44,53.74
1548583559.0,2,399804,60.64,11.87,48.77
1548583889.0,3,401515,61.16,12.24,48.92
1548585340.0,4,408040,63.19,13.83,49.36
1548588488.0,2,408295,60.64,15.27,45.37
1548588769.0,3,409754,60.39,15.24,45.15
1548590128.0,4,415864,63.93,15.11,48.82
1548593560.0,2,416003,60.39,12.24,48.15
1548593863.0,4,417574,60.9,11.96,48.94
1548593936.0,3,417900,60.13,11.9,48.23
1548595622.0,4,425483,62.69,10.62,52.07
1548599071.0,2,425571,60.9,9.07,51.83
1548599384.0,4,427194,59.6,9.05,50.55
1548599441.0,3,427449,60.39,9.05,51.34
1548601355.0,4,436000,64.43,8.98,55.45
1548604714.0,2,436000,60.13,9.49,50.64
1548605044.0,4,437711,60.9,9.57,51.33
1548605117.0,3,438037,60.9,9.6,51.3
1548606431.0,4,443878,62.94,9.99,52.95
1548609634.0,2,443880,60.64,10.52,50.12
1548609963.0,4,445588,60.64,10.5,50.14
1548610020.0,3,445842,61.16,10.5,50.66
1548611700.0,4,453396,63.19,10.42,52.77
1548615018.0,2,453400,60.13,10.7,49.43
1548615431.0,3,455507,61.67,10.74,50.93
1548617160.0,4,463281,63.19,11.31,51.88
1548620277.0,2,463330,59.87,12.24,47.63
1548620628.0,3,465150,60.13,12.31,47.82
1548622437.0,4,473281,63.44,12.67,50.77
1548625366.0,2,473284,59.87,14.02,45.85
1548625779.0,3,475412,60.39,14.23,46.16
1548627727.0,4,484173,64.43,14.61,49.82
1548633270.0,2,484174,60.13,15.21,44.92
1548633600.0,4,485884,59.34,15.26,44.08
1548633762.0,3,486614,60.13,15.24,44.89
1548634657.0,4,490638,60.9,15.1,45.8
1548638292.0,2,490642,58.28,14.88,43.4
1548638621.0,4,492350,58.55,14.93,43.62
1548638694.0,3,492676,59.6,14.94,44.66
1548639922.0,4,498202,61.16,15.13,46.03
1548643543.0,2,498206,58.82,15.26,43.56
1548643872.0,3,499917,58.82,15.26,43.56
1548645037.0,4,505155,61.42,15.39,46.03
1548648388.0,2,505156,58.55,16.02,42.53
1548648718.0,3,506867,58.28,16.05,42.23
1548650099.0,4,513077,60.64,16.19,44.45
1548653515.0,2,513333,57.48,16.15,41.33
1548653827.0,3,514949,58.82,16.12,42.7
1548655276.0,4,521467,61.67,15.98,45.69
1548658580.0,2,521468,58.28,15.81,42.47
1548658910.0,3,523180,58.82,15.86,42.96
1548660316.0,4,529503,61.42,16.63,44.79
1548663558.0,2,529509,57.75,17.9,39.85
1548663886.0,4,531216,58.55,17.93,40.62
1548663959.0,3,531543,59.6,17.94,41.66
1548664883.0,4,535698,61.42,18.03,43.39
1548679170.0,2,535702,55.01,18.68,36.33
1548679499.0,4,537410,55.57,18.64,36.93
1548679572.0,3,537736,57.21,18.62,38.59
1548680225.0,4,540671,58.28,18.53,39.75
1548684617.0,2,540674,55.01,17.77,37.24
1548684947.0,3,542386,55.57,17.68,37.89
1548685889.0,4,546622,58.02,17.39,40.63
1548689938.0,2,546626,54.73,17.35,37.38
1548690268.0,4,548337,55.29,17.41,37.88
1548690324.0,3,548591,55.84,17.42,38.42
1548691279.0,4,552885,58.02,17.59,40.43
1548695128.0,2,552886,55.01,17.22,37.79
1548695458.0,3,554598,55.01,17.21,37.8
1548696530.0,4,559419,58.02,17.15,40.87
1548700310.0,2,559419,54.73,17.92,36.81
1548700670.0,4,561286,56.39,18.08,38.31
1548700726.0,3,561540,55.57,18.11,37.46
1548701815.0,4,566435,58.55,18.6,39.95
1548705547.0,2,566617,54.73,20.99,33.74
1548705872.0,4,568301,58.02,21.12,36.9
1548705945.0,3,568628,55.84,21.14,34.7
1548706859.0,4,572740,58.28,21.46,36.82
1548708111.0,2,572741,57.48,21.9,35.58
1548708411.0,0,574298,57.75,22.0,35.75
1548709307.0,1,583648,62.18,22.32,39.86
1548709577.0,2,585836,63.69,22.41,41.28
1548709634.0,3,586110,63.19,22.43,40.76
1548715921.0,4,614379,66.85,24.01,42.84
1548722670.0,2,614437,58.55,24.26,34.29
1548723084.0,3,616557,59.87,24.26,35.61
1548724023.0,4,620781,61.93,24.3,37.63
1548727873.0,2,620785,58.55,24.69,33.86
1548728232.0,4,622648,58.82,24.72,34.1
1548728289.0,3,622902,58.82,24.73,34.09
1548729475.0,4,628239,61.93,24.85,37.08
1548733144.0,2,628242,58.55,24.63,33.92
1548733504.0,3,630107,58.82,24.57,34.25
1548734849.0,4,636120,61.67,24.42,37.25
1548738371.0,2,636121,58.02,24.24,33.78
1548738701.0,3,637832,59.6,24.22,35.38
1548740183.0,4,644495,61.67,24.15,37.52
1548743998.0,2,644498,58.82,23.24,35.58
1548744328.0,4,646209,59.08,23.13,35.95
1548744401.0,3,646536,59.08,23.1,35.98
1548745624.0,4,652034,62.18,22.8,39.38
1548749425.0,2,652036,59.08,22.58,36.5
1548749854.0,3,654237,59.87,22.53,37.34
1548750749.0,4,658261,61.93,22.45,39.48
1548751519.0,4,658261,60.64,22.37,38.27
1548754638.0,2,658517,58.55,21.61,36.94
1548754919.0,3,659973,60.39,21.52,38.87
1548756129.0,4,665417,61.67,21.19,40.48
1548759671.0,2,665422,57.75,21.03,36.72
1548760084.0,3,667530,58.28,21.09,37.19
1548761291.0,4,672956,62.18,21.27,40.91
1548764836.0,2,672958,58.28,21.97,36.31
1548765166.0,4,674669,59.34,22.05,37.29
1548765238.0,3,674996,59.87,22.07,37.8
1548766280.0,4,679679,60.9,22.33,38.57
1548769788.0,2,679679,58.55,22.76,35.79
1548770118.0,4,681390,58.82,22.79,36.03
1548770175.0,3,681644,59.08,22.8,36.28
1548771408.0,4,687191,61.93,22.97,38.96
1548775342.0,2,687195,58.55,23.43,35.12
1548775671.0,4,688902,58.02,23.44,34.58
1548775728.0,3,689159,59.34,23.45,35.89
1548776803.0,4,693994,61.93,23.5,38.43
1548780452.0,2,693998,58.02,23.54,34.48
1548780782.0,4,695709,59.34,23.54,35.8
1548780839.0,3,695966,58.55,23.54,35.01
1548781977.0,4,701081,61.42,23.58,37.84
1548785559.0,2,701084,58.82,23.8,35.02
1548785859.0,4,702639,58.55,23.83,34.72
1548793321.0,2,702640,54.45,24.88,29.57
1548793750.0,3,704842,56.39,24.97,31.42
1548794495.0,4,707919,58.02,25.12,32.9
1548800667.0,2,707921,54.45,25.74,28.71
1548801096.0,3,710120,55.84,25.8,30.04
1548801837.0,4,713451,58.02,25.92,32.1
1548803373.0,2,713453,56.67,25.92,30.75
1548803672.0,1,715008,57.75,25.84,31.91
1548803729.0,0,715526,56.94,25.83,31.11
1548803912.0,1,717441,59.34,25.78,33.56
1548803972.0,4,717927,59.08,25.77,33.31
1548804029.0,3,718203,59.6,25.75,33.85
1548806745.0,4,730417,62.18,24.82,37.36
1548809399.0,2,730421,58.28,22.16,36.12
1548809826.0,3,732633,58.82,21.73,37.09
1548811972.0,4,742282,61.67,19.0,42.67
1548814672.0,2,742286,58.82,16.13,42.69
1548815117.0,3,744578,59.34,15.82,43.52
1548817144.0,4,753692,62.43,14.4,48.03
1548819977.0,2,753781,58.02,13.39,44.63
1548820320.0,4,755560,58.82,13.27,45.55
1548820377.0,3,755817,59.6,13.25,46.35
1548822342.0,4,764652,61.67,11.64,50.03
1548825291.0,2,764657,57.75,9.72,48.03
1548825705.0,3,766788,59.34,9.75,49.59
1548827450.0,4,774633,62.18,9.83,52.35
1548830469.0,2,774637,60.13,15.04,45.09
1548830798.0,4,776345,58.82,15.74,43.08
1548830871.0,3,776671,59.08,15.89,43.19
1548832588.0,4,784392,61.42,16.88,44.54
1549915565.0,4,806215,56.12,21.33,34.79
1549916778.0,2,806216,55.84,22.97,32.87
1549917078.0,0,807772,55.57,23.38,32.19
1549918870.0,1,826483,64.18,25.72,38.46
1549919440.0,4,831099,65.89,25.86,40.03
1549919513.0,3,831447,65.16,25.88,39.28
1549925380.0,4,857829,66.37,26.9,39.47
1549933943.0,2,858193,58.55,26.02,32.53
1549934293.0,4,860009,59.6,25.91,33.69
1549934350.0,3,860264,60.39,25.89,34.5
1549935288.0,4,864482,61.93,25.61,36.32
1549939214.0,2,864486,59.08,25.28,33.8
1549939633.0,4,864482,59.87,25.3,34.57
1549942521.0,2,864484,58.02,25.23,32.79
1549942887.0,4,864482,59.6,25.22,34.38
1549945306.0,2,864482,58.02,25.16,32.86
1549945719.0,3,866589,59.08,25.16,33.92
1549947649.0,4,875266,61.93,25.17,36.76
1549948182.0,4,875266,61.16,25.31,35.85
1549951077.0,2,875267,58.55,26.03,32.52
1549951407.0,3,876978,58.82,26.03,32.79
1549952935.0,4,883852,61.67,25.8,35.87
1549956427.0,2,883854,58.82,25.44,33.38
1549956906.0,4,886342,59.87,25.41,34.46
1549956979.0,3,886668,60.39,25.41,34.98
1549958353.0,4,892846,61.67,25.34,36.33
1549970964.0,2,892846,55.29,24.8,30.49
1549971377.0,3,894952,56.12,24.8,31.32
1549972250.0,4,898881,58.82,24.8,34.02
1549977287.0,2,898887,55.01,24.22,30.79
1549977700.0,3,901014,56.12,24.2,31.92
1549978596.0,4,905043,58.28,24.15,34.13
1549983121.0,2,905045,56.39,23.3,33.09
1549983519.0,3,907086,57.75,23.2,34.55
1549984536.0,4,911648,58.82,22.99,35.83
1549989057.0,2,911648,55.01,22.74,32.27
1549989477.0,3,913828,56.12,22.8,33.32
1549990523.0,4,918529,58.28,22.96,35.32
1549994731.0,2,918532,55.01,23.87,31.14
1549995161.0,3,920753,56.12,24.06,32.06
1549996248.0,4,925641,58.02,24.55,33.47
1550000319.0,2,925644,55.29,28.59,26.7
1550000619.0,4,927196,56.39,29.01,27.38
1550000675.0,0,927786,56.39,29.09,27.3
1550002218.0,1,943885,64.43,30.47,33.96
1550002307.0,4,944611,65.4,30.49,34.91
1550002380.0,2,944988,64.67,30.5,34.17
1550002907.0,4,947724,64.92,30.58,34.34
1550002964.0,1,948182,65.4,30.58,34.82
1550003147.0,2,949669,64.43,30.61,33.82
1550003417.0,4,951068,66.13,30.65,35.48
1550003474.0,3,951322,64.43,30.66,33.77
1550010794.0,4,984209,68.51,30.44,38.07
1550013626.0,2,984209,63.69,29.71,33.98
1550014106.0,4,986698,64.92,29.52,35.4
1550014162.0,3,986952,64.67,29.5,35.17
1550014396.0,4,988005,66.61,29.4,37.21
1550023077.0,2,988009,58.55,26.26,32.29
1550023490.0,3,990139,60.39,26.18,34.21
1550024451.0,4,994457,63.19,25.99,37.2
1550028784.0,2,994700,58.82,25.12,33.7
1550029068.0,3,996172,59.08,25.07,34.01
1550030249.0,4,1001483,63.19,24.83,38.36
1550034089.0,2,1001487,58.28,24.07,34.21
1550034534.0,3,1003779,60.13,24.03,36.1
1550035751.0,4,1009251,62.69,23.9,38.79
1550039363.0,2,1009251,58.82,23.37,35.45
1550039693.0,4,1010961,59.34,23.3,36.04
1550039749.0,3,1011215,59.87,23.29,36.58
1550041153.0,4,1017528,62.69,23.01,39.68
1550045311.0,2,1017534,58.28,22.79,35.49
1550045640.0,3,1019242,59.08,22.78,36.3
1550046840.0,4,1024638,62.43,22.72,39.71
1550050585.0,2,1024638,58.28,21.88,36.4
1550050945.0,3,1026505,59.34,21.75,37.59
1550052702.0,4,1034406,63.19,21.17,42.02
1550056060.0,2,1034408,58.28,20.23,38.05
1550056489.0,3,1036587,60.64,20.17,40.47
1550058136.0,4,1043912,62.43,19.92,42.51
1551908715.0,1,1063638,9.94,26.42,-16.48
1551908745.0,0,1063876,9.94,26.43,-16.49
1551909135.0,1,1067947,59.6,26.51,33.09
1551909195.0,2,1068433,59.6,26.52,33.08
1551909224.0,4,1068586,60.13,26.52,33.61
1551909254.0,3,1068721,59.87,26.53,33.34
1551912469.0,4,1083177,62.69,26.89,35.8
1551915230.0,2,1083197,58.55,26.96,31.59
1551915615.0,4,1085198,59.08,26.96,32.12
1551915645.0,3,1085332,59.6,26.96,32.64
1551917385.0,4,1093155,61.67,26.93,34.74
1551920211.0,2,1093159,58.28,26.79,31.49
1551920600.0,3,1095181,58.82,26.76,32.06
1551922421.0,4,1103369,62.18,26.58,35.6
1551925498.0,2,1103471,59.34,26.2,33.14
1551925884.0,3,1105467,60.13,26.14,33.99
1551927374.0,4,1112164,62.69,25.91,36.78
1551930392.0,2,1112168,58.55,25.46,33.09
1551930811.0,4,1114344,59.34,25.4,33.94
1551930841.0,3,1114478,59.6,25.39,34.21
1551932312.0,4,1121091,63.19,25.23,37.96
1551935464.0,2,1121093,58.28,24.88,33.4
1551935853.0,4,1123114,59.34,24.82,34.52
1551935899.0,3,1123320,59.08,24.82,34.26
1551937333.0,4,1129770,61.93,24.6,37.33
1551940527.0,2,1129771,58.55,24.44,34.11
1551940917.0,3,1131794,58.82,24.44,34.38
1551942136.0,4,1137275,61.93,24.43,37.5
1551945424.0,2,1137276,58.28,24.27,34.01
1551945784.0,3,1139144,59.6,24.25,35.35
1551947187.0,4,1145454,61.93,24.18,37.75
1551963635.0,2,1145459,55.57,24.08,31.49
1551964024.0,3,1147479,56.39,24.1,32.29
1551964655.0,4,1150315,58.28,24.13,34.15
1551972429.0,2,1150316,54.73,24.02,30.71
1551972819.0,4,1152336,56.67,23.96,32.71
1551972849.0,3,1152470,56.94,23.95,32.99
1551973424.0,4,1155058,59.08,23.87,35.21
1551980086.0,2,1155061,54.73,24.97,29.76
1551980475.0,3,1157081,56.67,25.2,31.47
1551981116.0,4,1159960,58.02,25.59,32.43
1551987685.0,2,1159965,55.29,30.61,24.68
1551988074.0,3,1161985,55.84,30.84,25.0
1551988751.0,4,1165030,58.28,31.25,27.03
1551992345.0,2,1165032,55.29,33.05,22.24
1551992645.0,0,1166587,56.67,33.12,23.55
1551994048.0,1,1181242,64.92,33.33,31.59
1551994768.0,4,1187074,66.37,33.44,32.93
1551994799.0,3,1187234,65.89,33.44,32.45
1551999973.0,4,1210358,66.61,34.22,32.39
1552008265.0,2,1210448,59.87,33.1,26.77
1552008650.0,3,1212437,60.64,32.87,27.77
1552009659.0,4,1216976,62.94,32.26,30.68
1552014115.0,2,1216979,58.55,28.38,30.17
1552014444.0,4,1218687,60.13,28.31,31.82
1552014510.0,3,1218983,59.34,28.3,31.04
1552015765.0,4,1224625,62.69,28.05,34.64
1552019867.0,2,1224664,58.02,26.89,31.13
1552020189.0,4,1226338,59.34,26.77,32.57
1552020245.0,3,1226589,60.39,26.75,33.64
1552021744.0,4,1233327,63.44,26.2,37.24
1552025860.0,2,1233330,58.55,24.93,33.62
1552026189.0,4,1235038,60.13,24.91,35.22
1552026242.0,3,1235273,59.08,24.91,34.17
1552027676.0,4,1241722,62.69,24.84,37.85
1552031755.0,2,1241725,58.02,24.13,33.89
1552032085.0,3,1243439,60.64,24.08,36.56
1552033161.0,4,1248276,62.18,24.08,38.1
1552053992.0,2,1248414,55.01,24.88,30.13
1552054325.0,3,1250144,56.12,24.8,31.32
1552055130.0,4,1253762,59.6,24.6,35.0
1552064767.0,2,1253763,55.57,23.4,32.17
1552065157.0,4,1255783,56.94,23.63,33.31
1552065198.0,3,1255971,57.21,23.66,33.55
1552065944.0,4,1259325,58.55,24.11,34.44
1552076125.0,2,1259328,56.12,33.63,22.49
1552076514.0,3,1261349,57.48,33.79,23.69
1552077327.0,4,1265004,58.02,34.11,23.91
1552083167.0,2,1265009,54.73,36.63,18.1
1552083587.0,4,1267185,56.39,36.79,19.6
1552083628.0,3,1267372,56.67,36.81,19.86
1552084404.0,4,1270858,56.67,37.12,19.55
1552089305.0,2,1270860,54.73,37.93,16.8
1552089635.0,4,1272571,55.29,37.93,17.36
1552089712.0,3,1272920,55.57,37.91,17.66
1552090695.0,4,1277199,58.02,37.61,20.41
1552091926.0,2,1277199,57.48,37.24,20.24
1552092227.0,0,1278756,58.28,37.15,21.13
1552093239.0,1,1289322,65.4,36.83,28.57
1552093419.0,4,1290780,65.89,36.71,29.18
1552093459.0,3,1290981,65.65,36.68,28.97
1552098484.0,4,1313576,68.28,32.23,36.05
1552100798.0,2,1313580,64.18,29.62,34.56
1552101367.0,3,1316534,65.4,29.31,36.09
1552106012.0,4,1337420,68.28,27.66,40.62
1552108799.0,2,1337423,64.18,27.02,37.16
1552109188.0,3,1339443,64.67,26.86,37.81
1552111818.0,4,1351267,68.28,25.78,42.5
1552114710.0,2,1351269,64.43,24.48,39.95
1552115099.0,4,1353289,65.65,24.37,41.28
1552115141.0,3,1353476,65.16,24.35,40.81
1552117398.0,4,1363625,67.57,23.79,43.78
1552120828.0,2,1363628,64.67,23.05,41.62
1552121223.0,3,1365653,65.65,22.98,42.67
1552122985.0,4,1373573,68.28,22.77,45.51
1552123908.0,4,1373573,67.09,22.72,44.37
1552126693.0,2,1373590,64.18,21.77,42.41
1552127019.0,4,1375284,65.16,21.5,43.66
1552127059.0,3,1375463,65.65,21.47,44.18
1552127224.0,4,1376206,65.4,21.34,44.06
1552171464.0,2,1376382,55.29,42.93,12.36
1552171790.0,3,1378076,57.21,43.01,14.2
1552172571.0,4,1381585,59.08,43.12,15.96
1552180988.0,2,1381587,54.45,39.38,15.07
1552181367.0,3,1383541,56.39,39.13,17.26
1552182158.0,4,1387097,58.55,38.62,19.93
1552187851.0,2,1387097,55.57,37.99,17.58
1552188271.0,3,1389277,56.39,38.01,18.38
1552189035.0,4,1392710,58.28,38.05,20.23
1552194213.0,2,1392711,55.57,38.51,17.06
1552194632.0,3,1394889,56.39,38.57,17.82
1552195419.0,4,1398426,58.28,38.69,19.59
1552200306.0,2,1398441,55.29,38.88,16.41
1552200723.0,4,1400602,56.67,38.86,17.81
1552200763.0,3,1400782,57.48,38.86,18.62
1552201581.0,4,1404459,59.08,38.76,20.32
1552206876.0,2,1404480,54.45,38.12,16.33
1552207292.0,4,1406637,57.75,38.12,19.63
1552207332.0,3,1406816,56.94,38.12,18.82
1552207925.0,4,1409484,58.55,38.12,20.43
1552213617.0,2,1409490,55.01,36.05,18.96
1552214036.0,3,1411666,56.39,35.43,20.96
1552214823.0,4,1415202,58.55,34.25,24.3
1552227642.0,2,1415204,55.01,29.88,25.13
1552228062.0,3,1417380,56.67,29.72,26.95
1552228760.0,4,1420520,58.82,29.44,29.38
1552240491.0,2,1420520,55.29,32.19,23.1
1552240822.0,3,1422233,56.94,32.38,24.56
1552241926.0,4,1427197,59.08,33.43,25.65
1552251533.0,2,1427200,55.57,41.51,14.06
1552251953.0,3,1429376,56.39,41.59,14.8
1552252950.0,4,1433689,60.64,41.74,18.9
1552259595.0,2,1433692,54.17,42.9,11.27
1552259924.0,4,1435399,55.57,42.87,12.7
1552259980.0,3,1435651,55.84,42.86,12.98
1552260690.0,4,1438844,58.82,42.79,16.03
1552265315.0,2,1438848,54.45,42.18,12.27
1552265645.0,3,1440558,56.39,42.13,14.26
1552266684.0,4,1445228,58.55,41.46,17.09
1552271172.0,2,1445233,53.88,35.38,18.5
1552271555.0,3,1447206,56.67,34.54,22.13
1552272360.0,4,1450825,58.82,32.77,26.05
1552276656.0,2,1450826,55.57,28.67,26.9
1552277039.0,3,1452798,56.12,28.4,27.72
1552278022.0,4,1457144,59.34,27.66,31.68
1552282077.0,2,1457144,55.57,25.21,30.36
1552282407.0,4,1458855,55.84,25.08,30.76
1552282449.0,3,1459043,56.12,25.06,31.06
1552283340.0,4,1463050,58.55,24.7,33.85
1552289011.0,2,1463052,55.29,23.11,32.18
1552289430.0,4,1465226,56.39,23.09,33.3
1552289470.0,3,1465406,57.21,23.09,34.12
1552290302.0,4,1469146,59.08,23.04,36.04
1552295077.0,2,1469320,55.01,23.14,31.87
1552295374.0,4,1470858,56.67,23.09,33.58
1552295415.0,3,1471045,55.57,23.09,32.48
1552296306.0,4,1475048,59.08,22.95,36.13
1552301582.0,2,1475051,54.17,21.05,33.12
1552301911.0,4,1476758,55.84,20.88,34.96
1552301967.0,3,1477009,56.12,20.86,35.26
1552302869.0,4,1481066,58.82,20.62,38.2
1552309728.0,2,1481066,55.01,21.64,33.37
1552310058.0,4,1482776,57.21,21.81,35.4
1552310113.0,3,1483027,56.39,21.84,34.55
1552311041.0,4,1487200,59.34,22.3,37.04
1552320396.0,2,1487202,54.45,19.84,34.61
1552320725.0,3,1488912,56.94,19.91,37.03
1552321653.0,4,1493081,59.6,20.09,39.51
1552323910.0,2,1493084,57.48,21.1,36.38
1552324209.0,0,1494638,58.28,21.7,36.58
1552324600.0,1,1498710,60.9,22.48,38.42
1552324749.0,4,1499923,61.42,22.78,38.64
1552324789.0,3,1500124,61.93,22.86,39.07
1552327039.0,4,1510240,64.43,27.36,37.07
1552329320.0,2,1510242,63.19,30.97,32.22
1552329919.0,4,1513352,64.67,31.89,32.78
1552329959.0,3,1513531,64.67,31.96,32.71
1552333469.0,4,1529313,67.33,35.26,32.07
1552336781.0,2,1529334,64.67,37.63,27.04
1552337167.0,3,1531338,64.18,37.9,26.28
1552339250.0,4,1540699,67.57,39.17,28.4
1552342336.0,2,1540728,64.18,40.61,23.57
1552342720.0,4,1542721,64.92,40.68,24.24
1552342762.0,3,1542909,64.92,40.69,24.23
1552344700.0,4,1551626,67.57,41.08,26.49
1552348101.0,2,1551753,64.18,40.31,23.87
1552348499.0,3,1553795,65.16,40.19,24.97
1552349969.0,4,1560404,67.33,39.69,27.64
1552353450.0,2,1560405,64.18,38.11,26.07
1552353862.0,3,1562527,65.65,37.82,27.83
1552355553.0,4,1570131,67.57,36.63,30.94
1552358840.0,2,1570136,64.43,35.33,29.1
1552359236.0,3,1572162,65.16,35.19,29.97
1552360743.0,4,1578941,67.33,34.09,33.24
1552364139.0,2,1579030,62.94,31.95,30.99
1552364536.0,3,1581074,64.92,31.93,32.99
1552366013.0,4,1587713,67.33,31.86,35.47
1552369294.0,2,1587714,64.18,31.32,32.86
1552369689.0,3,1589740,64.43,31.24,33.19
1552371420.0,4,1597522,67.8,30.49,37.31
1552376085.0,2,1597526,64.18,28.94,35.24
1552376385.0,3,1599080,65.4,28.94,36.46
1552376687.0,4,1600439,65.4,28.94,36.46
1552381793.0,2,1600442,61.67,28.28,33.39
1552382212.0,4,1602615,63.93,28.32,35.61
1552382268.0,3,1602867,63.93,28.33,35.6
1552383166.0,4,1606908,65.89,28.42,37.47
1552387473.0,2,1606908,63.19,28.31,34.88
1552387852.0,3,1608862,63.19,28.27,34.92
1552388946.0,4,1613782,65.89,28.25,37.64
1552393332.0,2,1613784,62.43,28.67,33.76
1552393662.0,3,1615493,63.19,28.73,34.46
1552394725.0,4,1620273,65.65,28.95,36.7
1552398713.0,2,1620384,63.44,29.43,34.01
1552399021.0,4,1621986,62.94,29.46,33.48
1552399077.0,3,1622237,62.94,29.47,33.47
1552399461.0,4,1623861,64.18,29.44,34.74
1552421300.0,2,1623861,57.48,34.65,22.83
1552421780.0,4,1626349,58.82,34.77,24.05
1552421820.0,3,1626528,59.08,34.78,24.3
1552422916.0,4,1631456,62.18,35.05,27.13
1552428336.0,2,1631457,58.82,35.75,23.07
1552428756.0,3,1633636,59.87,35.7,24.17
1552429770.0,4,1638192,62.94,35.6,27.34
1552433948.0,2,1638194,58.82,34.95,23.87
1552434328.0,3,1640148,59.34,34.87,24.47
1552435646.0,4,1646076,61.67,34.7,26.97
1552439545.0,2,1646079,58.28,34.1,24.18
1552439926.0,3,1648044,59.34,33.8,25.54
1552441281.0,4,1654137,62.18,32.72,29.46
1552444904.0,2,1654138,58.55,28.82,29.73
1552445286.0,3,1656104,58.55,28.36,30.19
1552446770.0,4,1662779,62.43,26.96,35.47
1552450164.0,2,1662937,58.82,24.7,34.12
1552450493.0,3,1664647,59.08,24.53,34.55
1552452036.0,4,1671580,62.69,23.76,38.93
1552455503.0,2,1671583,58.55,22.03,36.52
1552455886.0,3,1673556,59.08,21.84,37.24
1552457599.0,4,1681256,62.69,21.22,41.47
1552463395.0,2,1681257,58.28,19.31,38.97
1552463874.0,4,1683744,59.87,19.1,40.77
1552463916.0,3,1683931,60.39,19.08,41.31
1552464934.0,4,1688508,62.43,17.87,44.56
1552468828.0,2,1688511,58.55,14.54,44.01
1552469158.0,4,1690221,59.08,14.54,44.54
1552469200.0,3,1690408,59.6,14.54,45.06
1552470518.0,4,1696335,62.18,14.54,47.64
1552474349.0,2,1696338,58.82,11.86,46.96
1552474679.0,4,1698048,59.08,11.58,47.5
1552474720.0,3,1698235,59.87,11.55,48.32
1552476128.0,4,1704566,62.69,10.95,51.74
1552480284.0,2,1704571,58.82,10.79,48.03
1552480614.0,3,1706281,59.6,10.93,48.67
1552481730.0,4,1711301,61.16,11.37,49.79
1552496469.0,2,1711302,55.29,17.04,38.25
1552496858.0,4,1713323,55.84,17.96,37.88
1552496906.0,3,1713538,56.67,18.07,38.6
1552497524.0,4,1716315,58.82,19.52,39.3
1552499709.0,2,1716429,57.21,24.66,32.55
1552499987.0,0,1717871,58.02,25.31,32.71
1552500737.0,1,1725700,64.43,26.33,38.1
1552500827.0,2,1726429,65.16,26.46,38.7
1552500867.0,3,1726628,65.89,26.51,39.38
1552503195.0,4,1737096,67.8,29.65,38.15
1552506155.0,2,1737101,64.43,34.29,30.14
1552506574.0,3,1739277,64.67,34.96,29.71
1552508727.0,4,1748954,67.33,36.42,30.91
1552525330.0,2,1748959,58.82,38.9,19.92
1552525749.0,4,1751132,59.6,38.53,21.07
1552525791.0,3,1751319,60.39,38.49,21.9
1552526653.0,4,1755198,62.18,37.71,24.47
1552531329.0,2,1755201,58.82,33.76,25.06
1552531749.0,4,1757377,59.87,33.42,26.45
1552531791.0,3,1757565,58.82,33.39,25.43
1552532696.0,4,1761633,62.69,32.69,30.0
1552537030.0,2,1761634,59.08,30.12,28.96
1552537360.0,4,1763344,58.55,30.04,28.51
1552537401.0,3,1763531,59.6,30.03,29.57
1552538483.0,4,1768393,61.93,29.76,32.17
1552542506.0,2,1768393,58.28,28.17,30.11
1552542835.0,4,1770103,59.08,28.02,31.06
1552542875.0,3,1770282,59.34,28.01,31.33
1552544090.0,4,1775746,62.43,27.73,34.7
1552548000.0,2,1775751,58.82,26.24,32.58
1552548329.0,3,1777461,58.82,25.94,32.88
1552549432.0,4,1782420,61.93,24.95,36.98
1552561719.0,2,1782421,55.57,26.24,29.33
1552562140.0,3,1784585,56.39,26.09,30.3
1552562823.0,4,1787575,58.55,25.85,32.7
1552568497.0,2,1787578,54.17,23.27,30.9
1552568880.0,3,1789547,55.84,22.93,32.91
1552569655.0,4,1793034,58.82,22.23,36.59
1552575896.0,2,1793037,55.57,17.2,38.37
1552576279.0,3,1795009,55.57,16.91,38.66
1552577071.0,4,1798568,58.55,16.32,42.23
1552583561.0,2,1798569,55.01,22.07,32.94
1552583951.0,3,1800593,56.12,22.79,33.33
1552584758.0,4,1804221,58.55,24.28,34.27
1552588047.0,2,1804226,56.12,30.86,25.26
1552588347.0,0,1805780,57.48,31.51,25.97
1552589690.0,1,1819806,65.4,34.39,31.01
1552590140.0,2,1823451,65.16,35.24,29.92
1552590182.0,3,1823658,65.16,35.3,29.86
1552595798.0,4,1848911,67.33,40.84,26.49
1552608456.0,2,1848914,58.28,42.21,16.07
1552608876.0,3,1851093,59.34,41.83,17.51
1552609814.0,4,1855307,62.18,40.99,21.19
1552615003.0,2,1855473,58.82,36.15,22.67
1552615391.0,3,1857486,60.39,35.86,24.53
1552616503.0,4,1862484,61.93,35.31,26.62
1552621016.0,2,1862486,58.55,32.72,25.83
1552621346.0,3,1864196,60.13,32.51,27.62
1552622742.0,4,1870472,62.69,31.68,31.01
1552627138.0,2,1870474,57.75,30.04,27.71
1552627467.0,4,1872185,59.08,29.94,29.14
1552627509.0,3,1872372,59.34,29.93,29.41
1552628958.0,4,1878888,62.43,29.49,32.94
1552633560.0,2,1879076,58.55,27.77,30.78
1552634004.0,3,1881380,60.13,27.66,32.47
1552635197.0,4,1886741,62.69,27.36,35.33
1552647801.0,2,1886746,54.45,24.57,29.88
1552648220.0,3,1888922,55.84,24.46,31.38
1552649097.0,4,1892865,58.55,24.25,34.3
1552655939.0,2,1892870,55.57,19.03,36.54
1552656268.0,4,1894576,55.84,18.77,37.07
1552656310.0,3,1894763,55.29,18.73,36.56
1552657227.0,4,1898886,58.28,18.0,40.28
1552663501.0,2,1898889,55.29,18.19,37.1
1552663891.0,4,1900910,56.39,18.48,37.91
1552663932.0,3,1901097,56.67,18.51,38.16
1552664766.0,4,1904844,58.55,19.13,39.42
1552671877.0,2,1904845,55.29,25.94,29.35
1552672289.0,3,1906965,56.67,26.55,30.12
1552673081.0,4,1910526,58.55,28.01,30.54
1552680934.0,2,1910529,55.29,41.83,13.46
1552681354.0,3,1912709,56.39,42.04,14.35
1552682189.0,4,1916463,59.08,42.45,16.63
1552688899.0,2,1916678,55.29,43.76,11.53
1552689282.0,3,1918642,56.12,43.86,12.26
1552690165.0,4,1922610,58.82,44.08,14.74
1552696008.0,2,1922610,55.01,42.64,12.37
1552696428.0,3,1924788,56.39,42.4,13.99
1552697334.0,4,1928862,58.82,41.91,16.91
1552702837.0,2,1928963,55.01,39.05,15.96
1552703237.0,4,1931040,56.12,38.77,17.35
1552703279.0,3,1931227,56.67,38.74,17.93
1552704179.0,4,1935277,58.82,38.11,20.71
1552709386.0,2,1935281,55.57,33.69,21.88
1552709836.0,4,1937613,57.21,33.46,23.75
1552709878.0,3,1937801,56.67,33.44,23.23
1552710804.0,4,1941966,59.08,32.98,26.1
1552715932.0,2,1941972,55.01,30.94,24.07
1552716381.0,3,1944303,56.67,30.9,25.77
1552717366.0,4,1948585,58.82,30.85,27.97
1552722767.0,2,1948587,55.57,29.31,26.26
1552723097.0,3,1950297,56.12,29.17,26.95
1552724253.0,4,1955495,58.55,28.91,29.64
1552729476.0,2,1955499,55.01,27.6,27.41
1552729865.0,4,1957518,56.39,27.48,28.91
1552729907.0,3,1957706,56.39,27.47,28.92
1552730698.0,4,1961261,59.34,27.32,32.02
1552736294.0,2,1961261,54.45,28.12,26.33
1552736623.0,4,1962971,54.45,28.24,26.21
1552736665.0,3,1963158,56.12,28.25,27.87
1552737546.0,4,1967121,58.82,28.56,30.26
1552743706.0,2,1967124,55.01,28.78,26.23
1552744096.0,4,1969144,56.67,28.65,28.02
1552744138.0,3,1969331,56.12,28.63,27.49
1552744922.0,4,1972857,58.28,28.27,30.01
1552753164.0,2,1972986,56.12,25.36,30.76
1552753547.0,3,1974962,56.94,25.78,31.16
1552754190.0,4,1977850,59.08,26.49,32.59
1552761989.0,2,1977853,55.29,40.66,14.63
1552762288.0,4,1979405,55.84,41.31,14.53
1552762329.0,1,1979741,56.67,41.4,15.27
1552762468.0,4,1980863,57.48,41.71,15.77
1552762509.0,2,1981079,57.48,41.8,15.68
1552762551.0,3,1981278,57.75,41.89,15.86
1552763781.0,4,1986811,60.64,42.49,18.15
1552770047.0,2,1986813,56.67,42.64,14.03
1552770466.0,3,1988991,58.02,42.85,15.17
1552771451.0,4,1993406,59.87,43.35,16.52
1552777121.0,2,1993407,56.94,45.83,11.11
1552777540.0,4,1995583,58.28,45.81,12.47
1552777582.0,3,1995771,58.02,45.8,12.22
1552778576.0,4,2000238,60.39,45.65,14.74
1552783976.0,2,2000242,56.94,43.73,13.21
1552784425.0,4,2002571,58.02,43.49,14.53
1552784467.0,3,2002759,57.75,43.44,14.31
1552785451.0,4,2007051,61.16,42.31,18.85
1552790681.0,2,2007051,56.67,35.63,21.04
1552791130.0,4,2009385,58.82,35.0,23.82
1552791186.0,3,2009636,58.28,34.92,23.36
1552792169.0,4,2013983,60.39,34.17,26.22
1552797052.0,2,2013983,56.67,32.89,23.78
1552797472.0,4,2016160,58.28,32.81,25.47
1552797513.0,3,2016347,58.02,32.8,25.22
1552798507.0,4,2020814,61.67,32.6,29.07
1552803604.0,2,2020817,56.67,31.28,25.39
1552804054.0,4,2023149,57.75,31.28,26.47
1552804094.0,3,2023329,58.28,31.28,27.0
1552805028.0,4,2027529,60.13,31.28,28.85
1552810112.0,2,2027531,57.75,31.0,26.75
1552810441.0,4,2029241,57.75,30.93,26.82
1552810483.0,3,2029429,58.02,30.92,27.1
1552811654.0,4,2034693,59.87,30.69,29.18
1552816766.0,2,2034696,56.67,29.67,27.0
1552817185.0,3,2036872,57.75,29.6,28.15
1552818171.0,4,2041302,60.39,29.45,30.94
1552823887.0,2,2041306,56.94,29.12,27.82
1552824306.0,4,2043482,58.02,29.17,28.85
1552824386.0,3,2043840,58.55,29.18,29.37
1552825177.0,4,2047396,60.64,29.3,31.34
1552831996.0,2,2047397,56.67,28.62,28.05
1552832386.0,4,2049419,58.02,28.64,29.38
1552832428.0,3,2049606,58.55,28.64,29.91
1552833231.0,4,2053216,60.39,28.68,31.71
1552846685.0,2,2053220,56.94,46.13,10.81
1552847075.0,3,2055241,58.28,46.43,11.85
1552847792.0,4,2058464,59.87,46.96,12.91
1552855821.0,2,2058469,56.12,48.83,7.29
1552856210.0,3,2060487,58.82,48.89,9.93
1552856894.0,4,2063552,59.6,49.07,10.53
1552863623.0,2,2063554,56.39,49.44,6.95
1552863952.0,4,2065261,58.02,49.13,8.89
1552863992.0,3,2065441,57.48,49.09,8.39
1552864833.0,4,2069224,60.13,48.29,11.84
1552870704.0,2,2069230,56.67,44.99,11.68
1552871004.0,0,2070784,57.48,45.01,12.47
1552871423.0,1,2075165,60.64,45.12,15.52
1552871514.0,2,2075897,61.42,45.14,16.28
1552871555.0,3,2076103,62.69,45.15,17.54
1552874043.0,4,2087122,64.18,45.77,18.41
1552877574.0,2,2087125,60.13,42.21,17.92
1552877903.0,4,2088832,60.9,41.83,19.07
1552877944.0,3,2089021,60.9,41.78,19.12
1552879372.0,4,2095441,63.44,40.9,22.54
1552883676.0,2,2095446,60.9,37.48,23.42
1552884006.0,3,2097156,61.67,37.15,24.52
1552885386.0,4,2103359,64.18,35.76,28.42
1552889737.0,2,2103362,60.9,31.95,28.95
1552890066.0,3,2105072,60.9,31.86,29.04
1552891115.0,4,2109786,64.18,31.6,32.58
1552901207.0,2,2109791,61.16,30.42,30.74
1552901686.0,3,2112279,62.18,30.1,32.08
1552901776.0,2,2112683,62.43,30.05,32.38
1552901817.0,1,2112929,62.94,30.02,32.92
1552901859.0,0,2113315,63.69,29.99,33.7
1552902076.0,1,2115586,65.65,29.85,35.8
1552902118.0,2,2115890,65.65,29.82,35.83
1552902196.0,4,2116296,66.13,29.77,36.36
1552902238.0,3,2116483,66.61,29.75,36.86
1552905486.0,4,2131087,68.28,30.49,37.79
1552910024.0,2,2131089,63.19,32.57,30.62
1552910354.0,4,2132799,65.65,32.7,32.95
1552910396.0,3,2132986,66.13,32.72,33.41
1552911722.0,4,2138952,67.33,32.85,34.48
1552916771.0,2,2138954,63.93,33.22,30.71
1552917221.0,3,2141288,66.61,33.24,33.37
1552918099.0,4,2145234,67.33,33.36,33.97
1552924254.0,2,2145237,64.43,34.29,30.14
1552924643.0,4,2147256,66.37,34.32,32.05
1552924685.0,3,2147444,68.75,34.33,34.42
1552925670.0,4,2151735,68.28,34.73,33.55
1552976031.0,2,2151739,56.39,37.43,18.96
1552976331.0,0,2153293,56.94,37.31,19.63
1552976714.0,1,2157236,61.16,37.15,24.01
1552976781.0,2,2157778,61.67,37.13,24.54
1552976822.0,3,2157986,62.18,37.11,25.07
1552978423.0,4,2165183,64.18,36.47,27.71
1552982922.0,4,2167051,61.67,36.04,25.63
1552982964.0,3,2167238,61.67,36.03,25.64
1552984118.0,4,2172428,63.93,35.8,28.13
1552989468.0,2,2172432,61.42,34.9,26.52
1552989798.0,3,2174142,61.42,34.8,26.62
1552991384.0,4,2181157,64.92,34.17,30.75
1556762199.0,4,2191833,60.9,65.0,-4.1
1556763197.0,2,2191977,60.9,64.3,-3.4
1556763499.0,4,2193542,61.93,64.06,-2.13
1556763539.0,3,2193722,61.93,64.03,-2.1
1556763938.0,4,2195516,63.44,63.71,-0.27
1556771643.0,2,2195520,61.16,56.53,4.63
1556771942.0,3,2197073,61.16,56.04,5.12
1556772370.0,4,2198995,64.43,55.33,9.1
1556784663.0,2,2198999,60.39,43.54,16.85
1556784993.0,3,2200710,62.43,43.2,19.23
1556785312.0,4,2202145,63.69,42.86,20.83
1556791273.0,2,2202148,60.64,37.76,22.88
1556791573.0,4,2203703,61.93,37.78,24.15
1556791615.0,3,2203890,59.87,37.78,22.09
1556791910.0,4,2205216,63.69,37.8,25.89
1556798503.0,2,2205219,60.64,34.68,25.96
1556798833.0,3,2206929,62.18,34.61,27.57
1556799214.0,4,2208469,63.93,34.54,29.39
1556808767.0,2,2208469,60.39,48.36,12.03
1556809067.0,4,2210023,61.67,49.12,12.55
1556809123.0,3,2210275,62.18,49.26,12.92
1556809401.0,4,2211526,63.93,49.69,14.24
1556818000.0,2,2211531,60.64,54.64,6.0
1556818300.0,3,2213085,61.93,54.56,7.37
1556818682.0,4,2214729,63.44,54.47,8.97
1556826639.0,2,2214729,61.42,53.63,7.79
1556826939.0,4,2216283,61.42,53.42,8.0
1556826995.0,3,2216534,62.69,53.38,9.31
1556827259.0,4,2217722,63.69,53.21,10.48
1556835975.0,2,2217725,60.9,51.48,9.42
1556836305.0,3,2219435,61.67,51.42,10.25
1556836632.0,4,2220906,63.44,51.35,12.09
1556842467.0,2,2220908,61.16,49.15,12.01
1556842797.0,3,2222618,62.43,49.1,13.33
1556843091.0,4,2223941,63.69,49.06,14.63
1556848404.0,2,2223944,60.39,47.62,12.77
1556848734.0,4,2225653,61.67,47.5,14.17
1556848774.0,3,2225833,62.43,47.49,14.94
1556849072.0,4,2227176,64.18,47.44,16.74
1556853600.0,2,2227179,60.39,46.64,13.75
1556853995.0,3,2229205,61.93,46.54,15.39
1556854299.0,4,2230572,63.19,46.47,16.72
1556858586.0,2,2230689,60.13,44.36,15.77
1556858893.0,3,2232283,61.93,44.16,17.77
1556859248.0,4,2233878,63.69,43.93,19.76
1556862949.0,2,2233900,60.13,39.85,20.28
1556863245.0,3,2235437,61.16,39.55,21.61
1556863657.0,4,2237087,63.69,39.42,24.27
1556867692.0,2,2237087,60.13,38.35,21.78
1556867992.0,3,2238644,61.67,38.3,23.37
1556868327.0,4,2240151,62.43,38.25,24.18
1556872327.0,2,2240156,60.9,37.36,23.54
1556872627.0,3,2241710,61.42,37.27,24.15
1556872873.0,4,2242817,63.19,37.2,25.99
1556876199.0,2,2242821,60.64,36.42,24.22
1556876594.0,3,2244847,62.18,36.34,25.84
1556876780.0,4,2245686,62.69,36.3,26.39
1556879996.0,2,2245692,61.16,35.9,25.26
1556880325.0,4,2247399,61.42,35.87,25.55
1556880381.0,3,2247651,62.18,35.86,26.32
1556880580.0,4,2248546,63.44,35.84,27.6
1556883612.0,2,2248548,61.16,35.54,25.62
1556883912.0,3,2250102,61.42,35.51,25.91
1556884203.0,4,2251413,62.94,35.48,27.46
1556887313.0,2,2251417,60.39,35.04,25.35
1556887642.0,4,2253123,61.67,34.99,26.68
1556887698.0,3,2253375,61.93,34.99,26.94
1556887898.0,4,2254274,63.69,34.96,28.73
1556890994.0,2,2254278,60.9,35.14,25.76
1556891324.0,3,2255988,62.18,35.17,27.01
1556891560.0,4,2257051,63.19,35.2,27.99
1556895044.0,2,2257052,60.39,35.7,24.69
1556895374.0,4,2258762,61.42,35.75,25.67
1556895414.0,3,2258941,61.42,35.75,25.67
1556895613.0,4,2259840,63.44,35.78,27.66
1556899675.0,2,2259842,60.64,36.17,24.47
1556899975.0,4,2261396,62.18,36.31,25.87
1556900015.0,3,2261576,61.67,36.33,25.34
1556900178.0,4,2262307,63.44,36.4,27.04
1556905489.0,2,2262309,60.39,38.52,21.87
1556905789.0,4,2263863,61.93,38.63,23.3
1556905829.0,3,2264042,62.43,38.64,23.79
1556905945.0,4,2264565,63.19,38.68,24.51
1556907183.0,2,2264569,62.69,38.64,24.05
1556907482.0,4,2266123,64.43,38.57,25.86
1556907538.0,0,2266635,64.92,38.56,26.36
1556907663.0,1,2267933,66.37,38.52,27.85
1556907722.0,4,2268416,66.37,38.51,27.86
1556907764.0,3,2268626,66.13,38.5,27.63
1556909112.0,4,2274687,69.21,38.16,31.05
1556910922.0,2,2274690,65.89,38.22,27.67
1556911221.0,4,2276243,67.09,38.31,28.78
1556911277.0,3,2276495,67.33,38.32,29.01
1556911690.0,4,2278210,68.98,38.45,30.53
1556914041.0,2,2278210,66.13,39.22,26.91
1556914341.0,3,2279767,67.57,39.35,28.22
1556914579.0,4,2280838,68.75,39.46,29.29
1556917192.0,2,2280842,66.13,40.64,25.49
1556917491.0,4,2282392,66.37,40.73,25.64
1556917531.0,3,2282572,67.09,40.74,26.35
1556917810.0,4,2283827,68.75,40.82,27.93
1556920080.0,2,2283827,66.37,41.5,24.87
1556920380.0,3,2285382,66.85,41.59,25.26
1556920904.0,4,2287740,69.21,41.76,27.45
1556923305.0,2,2287744,66.13,42.6,23.53
1556923604.0,3,2289297,67.57,42.7,24.87
1556923936.0,4,2290788,68.75,42.82,25.93
1556926568.0,2,2290791,66.13,43.09,23.04
1556926867.0,4,2292344,67.8,43.1,24.7
1556926907.0,3,2292523,67.57,43.11,24.46
1556927238.0,4,2294010,68.98,43.12,25.86
1556930065.0,2,2294011,66.37,42.64,23.73
1556930365.0,3,2295569,67.57,42.57,25.0
1556930620.0,4,2296716,69.68,42.5,27.18
1556933539.0,2,2296719,66.61,42.55,24.06
1556933839.0,3,2298276,66.37,42.6,23.77
1556934145.0,4,2299651,69.45,42.64,26.81
1556936878.0,2,2299652,66.13,42.3,23.83
1556937178.0,4,2301205,67.33,42.21,25.12
1556951619.0,2,2301208,60.64,37.12,23.52
1556951918.0,4,2302762,61.67,37.1,24.57
1556951958.0,3,2302942,62.18,37.1,25.08
1556952114.0,4,2303641,62.94,37.09,25.85
1556956323.0,2,2303643,61.42,35.63,25.79
1556956622.0,4,2305197,62.69,35.5,27.19
1556956664.0,3,2305385,61.93,35.48,26.45
1556956917.0,4,2306522,63.44,35.36,28.08
1556960967.0,2,2306526,60.64,33.71,26.93
1556961267.0,3,2308079,61.93,33.75,28.18
1556961550.0,4,2309354,63.19,33.79,29.4
1556965852.0,2,2309623,60.39,33.88,26.51
1556966100.0,4,2310909,61.93,33.84,28.09
1556966156.0,3,2311161,62.18,33.84,28.34
1556966309.0,4,2311848,63.69,33.81,29.88
1556980576.0,2,2311851,60.64,35.43,25.21
1556980972.0,3,2313898,60.9,35.63,25.27
1556981597.0,4,2316709,63.93,35.94,27.99
1557022681.0,2,2316711,58.28,45.32,12.96
1557023092.0,3,2318809,59.34,45.32,14.02
1557023721.0,4,2321635,61.67,45.32,16.35
1557029899.0,2,2321638,58.28,42.12,16.16
1557030297.0,3,2323676,59.87,41.74,18.13
1557030996.0,4,2326821,61.67,41.07,20.6
1557036212.0,2,2326824,58.55,36.14,22.41
1557036601.0,4,2328844,59.87,35.81,24.06
1557036641.0,3,2329024,58.82,35.78,23.04
1557037326.0,4,2331938,61.42,35.19,26.23
1557042229.0,2,2332041,57.48,32.08,25.4
1557042624.0,3,2334074,59.87,31.9,27.97
1557043272.0,4,2336986,61.42,31.61,29.81
1557050737.0,2,2336988,58.55,31.02,27.53
1557051119.0,3,2338953,59.6,30.92,28.68
1557051695.0,4,2341543,61.93,30.78,31.15
1557057486.0,2,2341546,59.34,28.98,30.36
1557057884.0,3,2343603,58.82,29.07,29.75
1557058472.0,4,2346244,60.9,29.33,31.57
1557064943.0,2,2346250,58.82,34.34,24.48
1557065338.0,3,2348276,60.39,34.83,25.56
1557065892.0,4,2350766,61.42,35.52,25.9
1557074508.0,2,2350770,59.34,41.16,18.18
1557074889.0,3,2352732,59.87,41.29,18.58
1557075391.0,4,2354992,62.18,41.47,20.71
1557103406.0,2,2355109,58.82,47.74,11.08
1557103744.0,3,2356863,58.82,47.77,11.05
1557104427.0,4,2359808,61.42,47.84,13.58
1557112212.0,2,2359808,59.08,45.22,13.86
1557112542.0,4,2361518,59.34,44.97,14.37
1557112582.0,3,2361698,59.34,44.94,14.4
1557113319.0,4,2365011,61.67,44.39,17.28
1557120504.0,2,2365015,58.55,41.39,17.16
1557120899.0,3,2367062,59.6,41.27,18.33
1557121488.0,4,2369712,61.67,41.09,20.58
1557129834.0,2,2369714,58.02,38.96,19.06
1557130223.0,4,2371734,58.82,38.86,19.96
1557130279.0,3,2371986,59.87,38.85,21.02
1557130902.0,4,2374788,61.42,38.69,22.73
1557136406.0,2,2374951,59.08,37.48,21.6
1557136735.0,3,2376657,60.39,37.41,22.98
1557137369.0,4,2379511,61.16,37.34,23.82
1557142997.0,2,2379515,58.55,36.78,21.77
1557143387.0,3,2381535,59.6,36.74,22.86
1557150560.0,2,2384358,59.34,36.83,22.51
1557150940.0,3,2386312,59.6,36.85,22.75
1557151477.0,4,2388729,61.42,36.89,24.53
1557161112.0,2,2388731,58.28,38.26,20.02
1557161507.0,3,2390757,59.87,38.36,21.51
1557162046.0,4,2393179,60.39,38.5,21.89
1557175062.0,2,2393402,57.21,43.61,13.6
1557175379.0,3,2395051,59.34,43.68,15.66
1557175919.0,4,2397477,61.16,43.78,17.38
1557185350.0,2,2397481,58.28,44.14,14.14
1557185746.0,3,2399507,59.34,44.24,15.1
1557186428.0,4,2402554,61.67,44.41,17.26
1557192833.0,2,2402706,58.55,42.67,15.88
1557193228.0,3,2404733,60.13,42.75,17.38
1557193983.0,4,2408126,62.18,42.9,19.28
1557199145.0,2,2408126,59.08,41.19,17.89
1557199536.0,3,2410150,59.34,41.13,18.21
1557200406.0,4,2414063,62.18,41.0,21.18
1557205321.0,2,2414087,58.28,39.7,18.58
1557205737.0,3,2416242,59.34,39.55,19.79
1557206656.0,4,2420375,61.67,39.23,22.44
1557211669.0,2,2420378,58.82,35.32,23.5
1557212066.0,3,2422432,59.6,34.89,24.71
1557212828.0,4,2425858,61.42,34.28,27.14
1557218756.0,2,2425859,59.34,31.85,27.49
1557219086.0,4,2427568,59.08,31.77,27.31
1557219126.0,3,2427747,59.87,31.76,28.11
1557219893.0,4,2431196,61.42,31.57,29.85
1557225696.0,2,2431281,59.34,30.12,29.22
1557226077.0,3,2433232,59.87,30.02,29.85
1557226790.0,4,2436317,61.93,29.84,32.09
1557234873.0,2,2436317,59.08,32.09,26.99
1557235269.0,3,2438343,59.6,32.71,26.89
1557235778.0,4,2440633,60.64,33.5,27.14
1557298503.0,2,2440635,58.82,50.72,8.1
1557298832.0,3,2442344,59.34,50.36,8.98
1557299323.0,4,2444550,60.13,50.39,9.74
1557318930.0,2,2444572,57.75,44.35,13.4
1557319311.0,3,2446532,60.64,44.28,16.36
1557319861.0,4,2449006,61.67,44.17,17.5
1557349461.0,2,2449008,64.43,47.4,17.03
1557349790.0,4,2450717,63.69,47.3,16.39
1557349830.0,3,2450897,65.16,47.29,17.87
1557350773.0,4,2455134,66.61,47.01,19.6
1557357002.0,2,2455138,64.67,47.57,17.1
1557357397.0,3,2457185,65.4,47.63,17.77
1557358109.0,4,2460386,66.61,47.74,18.87
1557363398.0,2,2460390,64.67,48.87,15.8
1557363727.0,4,2462099,64.18,48.93,15.25
1557363767.0,3,2462278,65.16,48.93,16.23
1557364488.0,4,2465519,67.09,48.96,18.13
1557369540.0,2,2465522,64.67,47.7,16.97
1557369936.0,3,2467569,64.67,47.46,17.21
1557370754.0,4,2471250,66.61,46.97,19.64
1557375811.0,2,2471252,64.43,44.83,19.6
1557376231.0,4,2473430,64.67,44.68,19.99
1557376287.0,3,2473681,64.67,44.66,20.01
1557376983.0,4,2476814,66.37,44.42,21.95
1557382123.0,2,2476814,64.67,43.44,21.23
1557382453.0,4,2478523,64.67,43.39,21.28
1557382492.0,3,2478703,64.92,43.39,21.53
1557383381.0,4,2482696,67.09,43.25,23.84
1557601749.0,2,2482698,61.93,54.83,7.1
1557602048.0,1,2484252,62.94,55.01,7.93
1557602104.0,0,2484760,63.93,55.04,8.89
1557602229.0,1,2486061,64.92,55.12,9.8
1557602284.0,2,2486436,65.89,55.15,10.74
1557602340.0,3,2486689,66.61,55.18,11.43
1557602397.0,4,2486948,66.85,55.22,11.63
1557618519.0,2,2486952,64.67,57.78,6.89
1557618910.0,3,2488976,65.4,57.86,7.54
1557619492.0,4,2491595,66.85,57.96,8.89
1557625510.0,2,2491597,64.18,56.97,7.21
1557625839.0,4,2493307,65.16,56.79,8.37
1557625879.0,3,2493486,65.4,56.77,8.63
1557626877.0,4,2497772,67.33,56.0,11.33
1557633104.0,2,2497773,64.43,51.33,13.1
1557633433.0,4,2499482,63.93,51.16,12.77
1557633489.0,3,2499734,64.92,51.14,13.78
1557634294.0,4,2503351,67.57,50.84,16.73
1557640448.0,2,2503356,64.43,48.2,16.23
1557640844.0,3,2505402,64.92,48.0,16.92
1557641768.0,4,2509559,67.57,47.49,20.08
1557647760.0,2,2509564,64.43,45.2,19.23
1557648150.0,3,2511586,65.16,45.06,20.1
1557648993.0,4,2515379,67.09,44.59,22.5
1557831287.0,2,2515381,58.28,36.59,21.69
1557831685.0,3,2517418,59.6,36.29,23.31
1557832159.0,4,2519548,61.42,36.12,25.3
1557918524.0,2,2519558,58.28,40.97,17.31
1557918852.0,4,2521260,59.87,40.96,18.91
1557918908.0,3,2521511,59.34,40.95,18.39
1557919387.0,4,2523665,61.42,40.93,20.49
1557944971.0,4,2523665,62.18,59.97,2.21
